date,CBBTCUSD,CBETHUSD,DBAA,DCOILWTICO,OVXCLS,SP500,T10YIE,VIXCLS
2016-05-18,455.56,13.18,4.74,48.12,42.87,2047.63,1.61,15.95
2016-05-19,438.38,14.9,4.7,48.16,42.4,2040.04,1.56,16.33
2016-05-20,445.65,14.17,4.71,47.67,40.17,2052.32,1.56,15.2
2016-05-23,445.67,13.61,4.7,48.12,39.44,2048.04,1.54,15.82
2016-05-24,446.99,12.77,4.71,48.04,38.02,2076.06,1.55,14.42
2016-05-25,451.49,12.61,4.74,49.1,35.94,2090.54,1.58,13.9
2016-05-26,454.97,12.47,4.69,49.0,36.56,2090.1,1.58,13.43
2016-05-27,471.27,10.98,4.7,49.36,35.97,2099.06,1.58,13.12
2016-05-31,531.34,14.16,4.68,49.1,38.08,2096.96,1.54,14.19
2016-06-01,534.84,13.93,4.67,49.07,40.0,2099.33,1.54,14.2
2016-06-02,537.87,14.03,4.64,49.14,36.64,2105.26,1.54,13.63
2016-06-03,571.25,13.98,4.57,48.69,34.81,2099.13,1.52,13.47
2016-06-06,586.77,14.22,4.59,49.71,35.61,2109.41,1.54,13.65
2016-06-07,579.71,14.52,4.58,50.37,36.19,2112.13,1.57,14.05
2016-06-08,583.21,14.64,4.56,51.23,35.17,2119.12,1.59,14.08
2016-06-09,577.46,14.71,4.53,50.52,35.9,2115.48,1.56,14.64
2016-06-10,580.31,13.91,4.5,49.09,39.95,2096.07,1.52,17.03
2016-06-13,706.01,17.89,4.48,48.89,42.72,2079.06,1.47,20.97
2016-06-14,684.95,18.79,4.5,48.49,43.07,2075.32,1.45,20.5
2016-06-15,698.78,18.42,4.5,47.92,42.58,2071.5,1.47,20.14
2016-06-16,769.76,20.99,4.47,46.14,44.49,2077.99,1.42,19.37
2016-06-17,752.26,15.65,4.51,48.0,41.35,2071.22,1.42,19.41
2016-06-20,703.12,11.81,4.54,49.4,38.99,2083.25,1.43,18.37
2016-06-21,667.66,13.89,4.57,48.95,40.37,2088.9,1.43,18.48
2016-06-22,604.5,13.18,4.55,49.16,43.25,2085.45,1.44,21.17
2016-06-23,631.1,13.81,4.6,49.34,40.1,2113.32,1.5,17.25
2016-06-24,669.98,14.55,4.55,46.7,43.33,2037.41,1.42,25.76
2016-06-27,657.87,14.1,4.42,45.8,42.85,2000.54,1.34,23.85
2016-06-28,648.43,12.23,4.41,47.93,40.18,2036.09,1.37,18.75
2016-06-29,639.42,12.74,4.4,49.85,38.29,2070.77,1.4,16.64
2016-06-30,673.49,12.49,4.41,48.27,38.09,2098.86,1.4,15.63
2016-07-01,678.19,12.34,4.32,49.02,36.18,2102.95,1.43,14.77
2016-07-05,669.87,10.6,4.2,46.73,40.08,2088.55,1.4,15.58
2016-07-06,678.79,10.61,4.21,47.37,41.43,2099.73,1.43,14.96
2016-07-07,641.97,10.08,4.19,45.22,43.24,2097.9,1.43,14.76
2016-07-08,667.33,11.43,4.15,45.37,41.41,2129.9,1.43,13.2
2016-07-11,650.97,10.72,4.18,44.73,42.51,2137.16,1.42,13.54
2016-07-12,666.56,10.57,4.23,46.82,39.67,2152.14,1.46,13.55
2016-07-13,655.34,10.49,4.17,44.87,43.1,2152.43,1.45,13.04
2016-07-14,661.65,11.62,4.23,45.64,38.3,2163.75,1.45,12.82
2016-07-15,667.48,11.99,4.26,45.93,36.66,2161.74,1.49,12.67
2016-07-18,675.5,11.05,4.26,45.23,38.15,2166.89,1.49,12.44
2016-07-19,673.98,11.75,4.23,44.64,37.2,2163.78,1.44,11.97
2016-07-20,666.92,12.5,4.25,44.96,37.02,2173.02,1.46,11.77
2016-07-21,667.28,12.76,4.25,43.96,38.13,2165.17,1.52,12.74
2016-07-22,654.67,14.83,4.23,43.41,38.85,2175.03,1.51,12.02
2016-07-25,657.79,13.91,4.23,42.4,40.97,2168.48,1.5,12.87
2016-07-26,654.06,12.0,4.22,42.16,41.27,2169.18,1.5,13.05
2016-07-27,657.35,13.1,4.19,41.9,41.6,2166.58,1.49,12.83
2016-07-28,657.4,12.93,4.2,41.13,42.93,2170.06,1.52,12.72
2016-07-29,657.0,12.84,4.17,41.54,41.08,2173.6,1.49,11.87
2016-08-01,605.2,10.95,4.24,40.05,44.22,2170.84,1.46,12.44
2016-08-02,537.47,8.78,4.3,39.5,45.7,2157.03,1.44,13.37
2016-08-03,573.36,10.68,4.31,40.8,44.64,2163.79,1.46,12.86
2016-08-04,587.5,11.32,4.27,41.92,43.1,2164.25,1.47,12.42
2016-08-05,583.0,11.18,4.32,41.83,41.5,2182.87,1.5,11.39
2016-08-08,591.48,11.34,4.3,43.06,41.14,2180.89,1.51,11.5
2016-08-09,586.45,12.28,4.25,42.78,39.76,2181.74,1.49,11.66
2016-08-10,594.94,12.21,4.21,41.75,39.32,2175.49,1.44,12.05
2016-08-11,587.91,11.73,4.27,43.51,39.29,2185.79,1.47,11.68
2016-08-12,587.74,11.81,4.22,44.47,37.78,2184.05,1.44,11.55
2016-08-15,567.79,11.3,4.25,45.72,37.28,2190.15,1.45,11.81
2016-08-16,579.02,11.18,4.27,46.57,37.45,2178.15,1.44,12.64
2016-08-17,574.45,10.82,4.25,46.81,35.12,2182.22,1.47,12.19
2016-08-18,574.09,10.77,4.23,48.2,36.75,2187.02,1.47,11.43
2016-08-19,573.67,10.77,4.25,48.48,34.88,2183.87,1.48,11.34
2016-08-22,585.2,11.1,4.2,46.8,36.41,2182.64,1.47,12.27
2016-08-23,582.39,11.0,4.19,47.54,37.53,2186.9,1.48,12.38
2016-08-24,578.47,11.01,4.2,46.29,37.46,2175.44,1.48,13.45
2016-08-25,575.58,11.34,4.21,46.97,36.76,2172.47,1.49,13.63
2016-08-26,579.29,11.28,4.25,47.64,36.05,2169.04,1.47,13.65
2016-08-29,573.21,10.95,4.16,46.97,36.72,2180.38,1.46,12.94
2016-08-30,574.95,11.21,4.19,46.32,38.03,2176.12,1.46,13.12
2016-08-31,572.89,11.7,4.19,44.68,39.5,2170.95,1.47,13.42
2016-09-01,573.02,12.05,4.19,43.17,41.22,2170.86,1.45,13.48
2016-09-02,576.21,12.15,4.23,44.39,38.64,2179.98,1.47,11.98
2016-09-06,612.99,11.71,4.19,44.85,39.85,2186.48,1.49,12.02
2016-09-07,615.21,11.58,4.19,45.47,38.63,2186.16,1.51,11.94
2016-09-08,627.97,11.39,4.28,47.63,38.21,2181.3,1.52,12.51
2016-09-09,622.07,11.64,4.34,45.88,39.72,2127.81,1.5,17.5
2016-09-12,606.74,11.86,4.36,46.28,39.16,2159.04,1.51,15.16
2016-09-13,608.63,11.92,4.43,44.91,41.1,2127.02,1.49,17.85
2016-09-14,608.43,11.91,4.4,43.62,42.47,2125.77,1.49,18.14
2016-09-15,605.44,11.96,4.43,43.85,40.9,2147.26,1.49,16.3
2016-09-16,607.93,12.58,4.41,43.04,39.86,2139.16,1.51,15.37
2016-09-19,608.6,13.17,4.4,43.34,39.66,2139.12,1.5,15.53
2016-09-20,605.6,14.56,4.39,43.85,40.99,2139.76,1.49,15.92
2016-09-21,597.0,13.76,4.36,45.33,39.85,2163.12,1.51,13.3
2016-09-22,596.21,13.2,4.32,46.1,41.57,2177.18,1.55,12.02
2016-09-23,602.96,13.37,4.3,44.36,43.89,2164.69,1.57,12.29
2016-09-26,607.08,12.84,4.29,45.6,44.9,2146.1,1.54,14.5
2016-09-27,605.71,13.09,4.25,44.65,43.88,2159.93,1.52,13.1
2016-09-28,605.04,13.32,4.26,47.07,45.24,2171.37,1.56,12.39
2016-09-29,605.99,13.11,4.23,47.72,42.05,2151.13,1.54,14.02
2016-09-30,608.99,13.23,4.29,47.72,39.31,2168.27,1.6,13.29
2016-10-03,612.99,13.51,4.29,48.8,38.04,2161.2,1.63,13.57
2016-10-04,610.34,13.32,4.35,48.67,37.66,2150.49,1.62,13.63
2016-10-05,613.16,13.09,4.36,49.75,36.65,2159.73,1.62,12.99
2016-10-06,611.88,12.86,4.36,50.44,35.92,2160.77,1.64,12.84
2016-10-07,617.98,12.7,4.36,49.76,36.6,2153.74,1.63,13.48
2016-10-11,642.12,11.77,4.37,50.72,38.08,2136.73,1.64,15.36
2016-10-12,635.79,11.92,4.39,50.14,39.05,2139.18,1.64,15.91
2016-10-13,635.66,11.87,4.34,50.47,37.22,2132.55,1.63,16.69
2016-10-14,638.03,11.92,4.43,50.35,35.55,2132.98,1.67,16.12
2016-10-17,639.56,11.96,4.39,49.97,34.88,2126.5,1.68,16.21
2016-10-18,635.11,12.54,4.37,50.3,36.37,2139.6,1.66,15.28
2016-10-19,629.79,12.01,4.38,51.59,32.72,2144.29,1.68,14.41
2016-10-20,628.05,12.06,4.35,50.31,32.48,2141.34,1.68,13.75
2016-10-21,630.83,12.05,4.34,50.61,32.51,2141.16,1.67,13.34
2016-10-24,649.98,11.92,4.36,50.18,32.79,2151.33,1.66,13.02
2016-10-25,654.3,11.33,4.35,49.45,33.93,2143.16,1.7,13.46
2016-10-26,674.0,11.49,4.39,48.75,35.39,2139.43,1.71,14.24
2016-10-27,691.21,11.48,4.44,49.71,35.86,2133.04,1.72,15.36
2016-10-28,689.95,11.13,4.46,48.72,37.76,2126.41,1.73,16.19
2016-10-31,696.9,10.97,4.45,46.83,40.96,2126.15,1.73,17.06
2016-11-01,730.7,10.84,4.44,46.66,40.08,2111.72,1.72,18.56
2016-11-02,744.6,10.83,4.44,45.32,40.86,2097.94,1.7,19.32
2016-11-03,690.0,10.87,4.49,44.66,41.49,2088.66,1.68,22.08
2016-11-04,706.32,11.15,4.46,44.07,43.69,2085.18,1.68,22.51
2016-11-07,706.42,10.93,4.49,44.88,44.2,2131.52,1.71,18.71
2016-11-08,711.15,10.84,4.5,44.96,43.56,2139.56,1.73,18.74
2016-11-09,720.97,10.62,4.73,45.2,41.25,2163.26,1.82,14.38
2016-11-10,712.91,10.51,4.75,44.62,42.44,2167.48,1.88,14.74
2016-11-14,708.32,10.02,4.83,43.29,50.17,2164.2,1.83,14.48
2016-11-15,712.29,10.27,4.82,45.86,49.43,2180.39,1.82,13.37
2016-11-16,739.85,10.0,4.77,45.56,50.09,2176.94,1.83,13.72
2016-11-17,730.71,9.91,4.83,45.37,47.37,2187.12,1.87,13.35
2016-11-18,748.54,9.51,4.86,45.69,46.56,2181.9,1.9,12.85
2016-11-21,736.4,9.54,4.85,47.48,45.71,2198.18,1.91,12.42
2016-11-22,746.66,9.87,4.84,48.07,46.69,2202.94,1.9,12.41
2016-11-23,741.52,9.8,4.85,46.72,47.54,2204.72,1.92,12.43
2016-11-25,739.74,9.4,4.84,46.72,53.46,2213.35,1.89,12.34
2016-11-28,729.77,8.67,4.79,45.66,52.56,2201.72,1.85,13.15
2016-11-29,732.37,8.14,4.76,45.29,55.09,2204.66,1.86,12.9
2016-11-30,742.69,8.61,4.82,49.41,44.25,2198.81,1.94,13.33
2016-12-01,754.0,8.45,4.87,51.08,40.45,2191.08,1.97,14.07
2016-12-02,769.25,7.73,4.82,51.7,35.51,2191.95,1.91,14.12
2016-12-05,752.0,6.75,4.81,51.72,37.0,2204.71,1.94,12.14
2016-12-06,759.8,7.83,4.83,50.95,37.11,2212.23,1.95,11.79
2016-12-07,764.34,8.35,4.78,49.85,36.05,2241.35,1.92,12.22
2016-12-08,767.89,8.2,4.83,50.84,35.03,2246.19,1.95,12.64
2016-12-09,773.22,8.47,4.9,51.51,35.21,2259.53,1.96,11.75
2016-12-12,778.94,8.5,4.9,52.74,30.3,2256.96,1.98,12.64
2016-12-13,776.18,8.41,4.87,52.99,31.35,2271.72,1.95,12.72
2016-12-14,777.66,8.24,4.86,51.01,33.97,2253.28,1.94,13.19
2016-12-15,776.16,7.83,4.84,50.9,33.58,2262.03,1.9,12.79
2016-12-16,780.98,7.84,4.88,51.93,29.18,2258.07,1.86,12.2
2016-12-19,790.81,7.64,4.82,52.13,29.23,2262.53,1.86,11.71
2016-12-20,798.99,7.64,4.85,52.22,27.43,2270.76,1.9,11.45
2016-12-21,834.5,7.91,4.81,51.44,28.39,2265.18,1.91,11.27
2016-12-22,856.02,7.55,4.82,51.98,30.29,2260.96,1.95,11.43
2016-12-23,917.26,7.13,4.8,52.01,29.9,2263.79,1.97,11.44
2016-12-27,925.2,7.16,4.82,52.82,30.0,2268.88,1.99,11.99
2016-12-28,982.17,7.62,4.77,54.01,29.91,2249.92,1.95,12.95
2016-12-29,970.72,8.29,4.76,53.8,30.01,2249.26,1.94,13.37
2016-12-30,960.81,8.21,4.73,53.75,30.83,2238.83,1.95,14.04
2017-01-03,1020.67,9.59,4.72,52.36,32.88,2257.83,1.98,12.85
2017-01-04,1130.3,11.17,4.71,53.26,32.36,2270.75,1.99,11.85
2017-01-05,1007.0,10.23,4.62,53.77,31.56,2269.0,1.95,11.67
2017-01-06,895.71,10.14,4.66,53.98,30.47,2276.98,1.96,11.32
2017-01-09,902.66,10.39,4.62,51.95,33.73,2268.9,1.95,11.56
2017-01-10,907.0,10.63,4.62,50.82,33.61,2268.9,1.95,11.49
2017-01-11,795.77,9.95,4.6,52.19,32.95,2275.32,1.99,11.26
2017-01-12,812.25,9.8,4.61,53.01,32.37,2270.44,1.98,11.54
2017-01-13,831.42,9.84,4.63,52.36,30.73,2274.64,1.99,11.23
2017-01-17,906.0,10.34,4.59,52.45,31.25,2267.89,1.97,11.87
2017-01-18,887.99,10.23,4.64,51.12,31.24,2271.89,2.0,12.48
2017-01-19,902.92,10.42,4.68,51.39,30.88,2263.69,2.04,12.78
2017-01-20,894.31,10.62,4.69,52.33,29.19,2271.31,2.04,11.54
2017-01-23,910.7,10.8,4.62,52.77,30.79,2265.2,2.02,11.77
2017-01-24,887.0,10.57,4.69,52.38,29.59,2280.07,2.06,11.07
2017-01-25,896.0,10.55,4.74,52.14,30.41,2298.37,2.08,10.81
2017-01-26,917.02,10.6,4.71,53.24,29.59,2296.68,2.08,10.63
2017-01-27,922.63,10.55,4.68,53.18,29.78,2294.69,2.08,10.58
2017-01-30,923.23,10.6,4.7,52.63,30.94,2280.9,2.07,11.88
2017-01-31,970.01,10.7,4.68,52.75,31.33,2278.87,2.05,11.99
2017-02-01,992.75,10.72,4.71,53.9,30.65,2279.55,2.05,11.81
2017-02-02,1008.38,10.82,4.71,53.55,29.39,2280.85,2.05,11.93
2017-02-03,1018.0,10.99,4.73,53.81,28.11,2297.42,2.05,10.97
2017-02-06,1022.58,11.34,4.67,53.01,29.37,2292.56,2.02,11.37
2017-02-07,1053.96,11.51,4.64,52.19,29.61,2293.08,2.0,11.29
2017-02-08,1056.7,11.41,4.59,52.37,29.09,2294.67,1.96,11.45
2017-02-09,994.24,11.02,4.64,52.99,28.25,2307.87,1.99,10.88
2017-02-10,1001.99,11.43,4.64,53.84,26.43,2316.1,2.01,10.85
2017-02-13,1002.82,11.43,4.66,52.96,26.99,2328.25,2.0,11.07
2017-02-14,1013.92,13.14,4.68,53.21,27.49,2337.58,2.01,10.74
2017-02-15,1014.53,12.98,4.7,53.11,27.75,2349.25,2.06,11.97
2017-02-16,1038.94,12.89,4.65,53.41,27.37,2347.22,2.02,11.76
2017-02-17,1057.3,12.75,4.63,53.41,25.29,2351.16,2.01,11.49
2017-02-21,1128.29,12.83,4.63,54.02,25.79,2365.38,2.03,11.57
2017-02-22,1128.71,12.75,4.63,53.61,27.09,2362.82,2.04,11.74
2017-02-23,1186.9,13.21,4.61,54.48,25.79,2363.81,2.03,11.71
2017-02-24,1186.91,13.2,4.54,53.99,25.72,2367.34,2.0,11.47
2017-02-27,1195.81,15.66,4.57,54.04,25.01,2369.75,2.01,12.09
2017-02-28,1195.08,16.4,4.55,54.0,25.46,2363.64,2.02,12.92
2017-03-01,1230.0,17.37,4.64,53.82,24.67,2395.96,2.03,12.54
2017-03-02,1269.17,19.27,4.65,52.63,25.94,2381.92,2.01,11.81
2017-03-03,1292.86,19.68,4.65,53.33,25.59,2383.12,2.04,10.96
2017-03-06,1284.99,19.68,4.66,53.19,26.96,2375.31,2.01,11.24
2017-03-07,1237.36,18.96,4.67,52.68,26.46,2368.39,2.03,11.45
2017-03-08,1150.22,16.68,4.72,49.83,31.74,2362.98,2.01,11.86
2017-03-09,1197.3,17.82,4.77,48.75,31.98,2364.87,2.0,12.3
2017-03-10,1109.01,19.2,4.76,48.05,33.45,2372.6,2.01,11.66
2017-03-13,1245.49,28.64,4.79,47.95,32.39,2373.47,2.01,11.35
2017-03-14,1247.42,28.69,4.78,47.24,33.19,2365.45,1.99,12.3
2017-03-15,1263.0,35.65,4.71,48.34,30.08,2385.26,2.01,11.63
2017-03-16,1175.11,45.96,4.74,48.3,28.63,2381.38,2.02,11.21
2017-03-17,1069.57,44.62,4.72,48.34,27.45,2378.25,2.01,11.28
2017-03-20,1044.96,42.31,4.7,47.79,28.11,2373.47,2.0,11.34
2017-03-21,1114.42,42.36,4.66,47.02,30.57,2344.02,1.98,12.47
2017-03-22,1034.57,41.37,4.63,47.29,30.05,2348.45,1.97,12.81
2017-03-23,1025.14,42.99,4.65,47.0,29.79,2345.96,1.95,13.12
2017-03-24,934.87,52.93,4.62,47.3,30.99,2343.98,1.98,12.96
2017-03-27,1042.08,48.97,4.61,47.02,30.78,2341.59,1.97,12.5
2017-03-28,1045.4,50.3,4.64,48.36,29.92,2358.57,1.97,11.53
2017-03-29,1043.27,53.1,4.62,49.47,28.54,2361.13,1.98,11.42
2017-03-30,1042.34,51.88,4.65,50.3,27.82,2368.06,1.96,11.54
2017-03-31,1088.99,50.18,4.64,50.54,27.59,2362.72,1.97,12.37
2017-04-03,1152.6,44.25,4.61,50.25,26.89,2358.84,1.96,12.38
2017-04-04,1143.99,44.47,4.62,50.99,27.97,2360.16,1.96,11.79
2017-04-05,1132.99,44.78,4.63,51.14,27.73,2352.95,1.97,12.89
2017-04-06,1192.3,43.3,4.61,51.69,26.79,2357.49,1.95,12.39
2017-04-07,1194.0,42.32,4.62,52.25,27.46,2355.54,1.94,12.87
2017-04-10,1210.0,43.92,4.61,53.06,26.71,2357.16,1.93,14.05
2017-04-11,1223.99,43.83,4.56,53.38,27.27,2353.78,1.91,15.07
2017-04-12,1214.17,46.48,4.56,53.12,26.92,2344.93,1.9,15.77
2017-04-13,1177.05,49.77,4.52,53.19,26.02,2328.95,1.92,15.96
2017-04-17,1189.91,47.94,4.55,52.62,25.8,2349.01,1.88,14.66
2017-04-18,1201.94,49.79,4.47,52.46,26.88,2342.19,1.85,14.42
2017-04-19,1214.21,47.78,4.5,50.49,29.81,2338.17,1.85,14.93
2017-04-20,1236.15,49.38,4.52,50.26,27.96,2355.84,1.85,14.15
2017-04-21,1249.99,48.37,4.53,49.64,30.06,2348.69,1.84,14.63
2017-04-24,1257.29,50.12,4.56,48.9,29.88,2374.15,1.87,10.84
2017-04-25,1281.16,50.31,4.61,49.22,29.39,2388.61,1.91,10.76
2017-04-26,1298.44,53.42,4.59,49.22,29.32,2387.45,1.9,10.85
2017-04-27,1349.26,63.67,4.58,48.96,29.88,2388.77,1.91,10.36
2017-04-28,1353.34,73.14,4.57,49.31,28.55,2384.2,1.92,10.82
2017-05-01,1436.5,79.35,4.62,48.83,29.42,2388.33,1.92,10.11
2017-05-02,1471.99,77.55,4.59,47.65,32.23,2391.17,1.88,10.59
2017-05-03,1533.0,81.29,4.56,47.79,32.8,2388.13,1.87,10.68
2017-05-04,1563.39,95.97,4.61,45.55,34.67,2389.52,1.86,10.46
2017-05-05,1551.3,91.93,4.6,46.23,33.83,2399.29,1.86,10.57
2017-05-08,1713.0,89.25,4.62,46.46,33.85,2399.38,1.86,9.77
2017-05-09,1720.43,86.58,4.64,45.84,34.21,2396.92,1.86,9.96
2017-05-10,1794.99,88.36,4.63,47.28,34.02,2399.63,1.85,10.21
2017-05-11,1837.93,88.3,4.63,47.81,33.72,2394.44,1.88,10.6
2017-05-12,1695.61,85.17,4.58,47.83,33.72,2390.9,1.84,10.4
2017-05-15,1747.81,91.0,4.59,48.86,33.1,2402.32,1.82,10.42
2017-05-16,1777.48,87.98,4.57,48.64,33.44,2400.67,1.82,10.65
2017-05-17,1813.23,86.88,4.48,49.04,33.9,2357.03,1.78,15.59
2017-05-18,1899.16,96.2,4.49,49.36,32.8,2365.72,1.8,14.66
2017-05-19,1976.23,125.14,4.49,50.32,29.76,2381.73,1.82,12.04
2017-05-22,2123.29,160.1,4.49,50.81,30.59,2394.02,1.82,10.93
2017-05-23,2272.75,169.95,4.51,51.12,31.77,2398.42,1.83,10.72
2017-05-24,2432.97,196.06,4.51,50.99,30.94,2404.39,1.81,10.02
2017-05-25,2355.0,181.51,4.49,48.57,33.03,2415.07,1.8,9.99
2017-05-26,2272.7,163.8,4.49,49.58,30.04,2415.82,1.81,9.81
2017-05-30,2191.58,228.69,4.46,49.63,30.3,2412.91,1.81,10.38
2017-05-31,2303.29,229.14,4.44,48.29,32.29,2411.8,1.81,10.41
2017-06-01,2419.99,221.91,4.45,48.32,31.19,2430.06,1.81,9.89
2017-06-02,2478.99,222.04,4.39,47.68,32.47,2439.07,1.79,9.75
2017-06-05,2698.0,248.0,4.42,47.4,33.71,2436.1,1.79,10.07
2017-06-06,2871.29,264.22,4.39,48.13,32.12,2429.33,1.77,10.45
2017-06-07,2685.64,255.68,4.41,45.8,34.23,2433.14,1.78,10.39
2017-06-08,2799.73,258.64,4.42,45.68,33.84,2433.79,1.78,10.16
2017-06-09,2811.39,279.38,4.42,45.82,32.59,2431.77,1.78,10.7
2017-06-12,2655.71,397.37,4.43,46.1,33.95,2429.39,1.75,11.46
2017-06-13,2709.01,388.0,4.42,46.41,32.34,2440.35,1.75,10.42
2017-06-14,2432.21,341.7,4.34,44.79,32.02,2437.92,1.71,10.64
2017-06-15,2409.98,343.71,4.34,44.47,31.9,2432.46,1.67,10.9
2017-06-16,2480.43,354.26,4.35,44.73,27.93,2433.15,1.67,10.38
2017-06-19,2596.98,358.71,4.36,44.24,30.34,2453.46,1.67,10.37
2017-06-20,2725.08,350.94,4.32,43.34,32.49,2437.03,1.66,10.86
2017-06-21,2643.35,325.41,4.31,42.48,33.32,2435.61,1.66,10.75
2017-06-22,2679.99,320.02,4.31,42.53,32.65,2434.5,1.69,10.48
2017-06-23,2690.76,326.99,4.3,42.86,31.92,2438.3,1.7,10.02
2017-06-26,2407.91,252.99,4.29,43.24,31.77,2439.07,1.71,9.9
2017-06-27,2575.75,287.23,4.33,44.25,32.28,2419.38,1.71,11.06
2017-06-28,2553.12,315.32,4.36,44.74,30.8,2440.69,1.73,10.03
2017-06-29,2530.0,292.95,4.38,44.88,30.46,2419.7,1.72,11.44
2017-06-30,2455.19,280.04,4.4,46.02,28.7,2423.41,1.73,11.18
2017-07-05,2616.96,266.27,4.41,45.11,32.61,2432.54,1.75,11.07
2017-07-06,2604.84,266.01,4.44,45.52,32.82,2409.75,1.76,12.54
2017-07-07,2501.15,241.28,4.47,44.25,33.17,2425.18,1.73,11.19
2017-07-10,2331.05,202.86,4.46,44.4,33.23,2427.43,1.72,11.11
2017-07-11,2310.01,190.57,4.45,45.06,33.61,2425.53,1.75,10.89
2017-07-12,2383.42,224.04,4.42,45.48,32.48,2443.25,1.76,10.3
2017-07-13,2340.0,205.0,4.44,46.06,31.76,2447.83,1.77,9.9
2017-07-14,2217.24,197.23,4.42,46.53,30.28,2459.27,1.76,9.51
2017-07-17,2235.19,190.87,4.4,46.02,30.61,2459.14,1.77,9.82
2017-07-18,2308.15,227.01,4.35,46.4,29.96,2460.61,1.76,9.89
2017-07-19,2258.99,194.74,4.34,47.1,29.55,2473.83,1.76,9.79
2017-07-20,2873.48,226.06,4.32,46.73,29.25,2473.45,1.77,9.58
2017-07-21,2657.45,216.6,4.29,45.78,29.25,2472.54,1.76,9.36
2017-07-24,2762.26,225.96,4.32,46.21,29.24,2469.91,1.78,9.43
2017-07-25,2564.0,203.78,4.38,47.77,29.18,2477.13,1.81,9.43
2017-07-26,2525.99,203.23,4.36,48.58,29.44,2477.83,1.8,9.6
2017-07-27,2664.99,202.94,4.39,49.05,29.81,2475.42,1.83,10.11
2017-07-28,2786.07,190.72,4.35,49.72,29.86,2472.1,1.83,10.29
2017-07-31,2856.88,200.82,4.36,50.21,30.84,2470.3,1.82,10.26
2017-08-01,2732.59,225.73,4.32,49.19,30.54,2476.35,1.79,10.09
2017-08-02,2699.9,217.92,4.32,49.6,30.43,2477.57,1.79,10.28
2017-08-03,2787.02,224.0,4.29,49.03,29.65,2472.16,1.78,10.44
2017-08-04,2857.34,220.72,4.32,49.57,28.53,2476.83,1.8,10.03
2017-08-07,3398.23,269.9,4.32,49.37,28.73,2480.91,1.8,9.93
2017-08-08,3422.43,295.95,4.36,49.07,29.44,2474.92,1.83,10.96
2017-08-09,3342.8,295.26,4.33,49.59,29.06,2474.02,1.82,11.11
2017-08-10,3444.98,300.51,4.31,48.54,29.27,2438.21,1.8,16.04
2017-08-11,3656.15,309.65,4.31,48.81,28.41,2441.32,1.79,15.51
2017-08-14,4320.6,299.16,4.33,47.59,29.16,2465.84,1.77,12.33
2017-08-15,4159.93,286.71,4.36,47.57,29.31,2464.61,1.78,12.04
2017-08-16,4370.01,300.45,4.32,46.8,29.18,2468.11,1.78,11.74
2017-08-17,4280.01,300.67,4.3,47.07,29.31,2430.01,1.77,15.55
2017-08-18,4101.72,292.87,4.31,48.59,27.53,2425.55,1.76,14.26
2017-08-21,4002.0,322.0,4.3,47.39,28.77,2428.37,1.75,13.19
2017-08-22,4092.0,314.19,4.32,47.65,27.97,2452.51,1.77,11.35
2017-08-23,4143.49,317.5,4.29,48.45,27.8,2444.04,1.75,12.25
2017-08-24,4312.03,324.56,4.31,47.24,28.37,2438.97,1.75,12.23
2017-08-25,4360.0,330.14,4.29,47.65,28.88,2443.05,1.75,11.28
2017-08-28,4384.99,347.54,4.29,46.4,30.39,2444.24,1.75,11.32
2017-08-29,4599.0,372.48,4.28,46.46,30.49,2446.3,1.74,11.7
2017-08-30,4581.98,384.1,4.29,45.96,29.78,2457.59,1.76,11.22
2017-08-31,4743.94,389.2,4.26,47.26,29.1,2471.65,1.76,10.59
2017-09-01,4947.99,392.87,4.31,47.32,28.97,2476.55,1.79,10.13
2017-09-05,4432.51,320.08,4.23,48.63,29.58,2457.85,1.77,12.23
2017-09-06,4616.18,339.38,4.27,49.13,30.07,2465.54,1.78,11.63
2017-09-07,4624.18,335.56,4.22,49.1,29.73,2465.1,1.79,11.55
2017-09-08,4350.0,307.96,4.23,47.44,29.49,2461.43,1.81,12.12
2017-09-11,4210.72,298.47,4.29,48.06,27.73,2488.11,1.83,10.73
2017-09-12,4164.52,294.5,4.33,48.21,27.59,2496.48,1.84,10.58
2017-09-13,3855.32,275.71,4.33,49.3,26.62,2498.37,1.85,10.5
2017-09-14,3250.4,223.85,4.31,49.86,26.09,2495.62,1.85,10.44
2017-09-15,3740.02,260.88,4.3,49.9,26.65,2500.23,1.85,10.17
2017-09-18,4100.0,298.0,4.33,49.88,27.53,2503.87,1.87,10.15
2017-09-19,3910.11,282.8,4.33,49.54,25.76,2506.65,1.87,10.18
2017-09-20,3872.06,283.55,4.34,50.29,26.99,2508.24,1.85,9.78
2017-09-21,3617.47,258.11,4.32,50.58,26.3,2500.6,1.83,9.67
2017-09-22,3619.01,263.88,4.31,50.33,26.39,2502.22,1.84,9.59
2017-09-25,3919.78,294.41,4.28,51.85,26.93,2496.66,1.84,10.21
2017-09-26,3885.09,288.77,4.28,51.59,27.8,2496.84,1.84,10.17
2017-09-27,4200.0,309.85,4.37,52.14,27.29,2507.04,1.87,9.87
2017-09-28,4189.42,302.33,4.36,51.62,27.18,2510.06,1.87,9.55
2017-09-29,4156.99,291.88,4.33,51.67,26.83,2519.36,1.84,9.51
2017-10-02,4392.71,296.72,4.33,50.59,27.72,2529.12,1.83,9.45
2017-10-03,4307.99,292.36,4.33,50.44,27.95,2534.58,1.84,9.51
2017-10-04,4214.84,292.0,4.34,50.0,27.04,2537.74,1.85,9.63
2017-10-05,4320.04,294.89,4.35,50.79,26.45,2552.07,1.86,9.19
2017-10-06,4362.99,307.73,4.35,49.34,27.59,2549.33,1.87,9.65
2017-10-10,4750.0,297.99,4.32,50.93,26.54,2550.64,1.88,10.08
2017-10-11,4814.99,302.0,4.32,51.3,26.43,2555.24,1.89,9.85
2017-10-12,5440.0,302.12,4.3,50.61,25.85,2550.93,1.89,9.91
2017-10-13,5624.8,335.89,4.25,51.43,25.73,2553.17,1.85,9.61
2017-10-16,5754.9,334.36,4.27,51.86,26.32,2557.64,1.84,9.91
2017-10-17,5594.0,316.37,4.25,51.87,25.87,2559.36,1.82,10.31
2017-10-18,5574.44,313.59,4.29,52.05,26.41,2561.26,1.84,10.07
2017-10-19,5704.01,308.02,4.27,51.29,26.3,2562.1,1.84,10.05
2017-10-20,5989.1,303.15,4.33,51.63,24.51,2575.21,1.87,9.97
2017-10-23,5905.99,285.83,4.32,51.91,25.08,2564.98,1.86,11.07
2017-10-24,5525.43,296.99,4.34,52.32,25.6,2569.13,1.87,11.16
2017-10-25,5739.97,296.76,4.37,51.97,25.44,2557.15,1.88,11.23
2017-10-26,5891.61,295.98,4.37,52.41,25.22,2560.4,1.89,11.3
2017-10-27,5780.0,297.59,4.35,53.92,25.18,2581.07,1.88,9.8
2017-10-30,6124.16,306.87,4.29,54.11,25.33,2572.83,1.87,10.5
2017-10-31,6445.01,303.51,4.29,54.36,25.31,2575.26,1.88,10.18
2017-11-01,6783.69,290.82,4.29,54.32,25.65,2579.36,1.88,10.2
2017-11-02,7039.98,285.4,4.26,54.55,25.65,2579.85,1.87,9.93
2017-11-03,7170.01,306.0,4.25,55.63,24.82,2587.84,1.86,9.14
2017-11-06,6969.76,297.32,4.24,57.34,26.85,2591.13,1.86,9.4
2017-11-07,7126.63,292.42,4.22,57.19,28.75,2590.64,1.88,9.89
2017-11-08,7467.96,307.91,4.24,56.82,27.99,2594.38,1.87,9.78
2017-11-09,7156.0,320.72,4.26,57.16,28.37,2584.62,1.87,10.5
2017-11-13,6535.87,315.56,4.33,56.77,30.22,2584.84,1.88,11.5
2017-11-14,6605.0,335.04,4.31,55.67,30.08,2578.87,1.87,11.59
2017-11-15,7294.0,331.81,4.28,55.28,29.84,2564.62,1.85,13.13
2017-11-16,7838.53,330.21,4.29,55.14,28.42,2585.64,1.84,11.76
2017-11-17,7714.71,332.31,4.28,56.21,26.96,2578.85,1.86,11.43
2017-11-20,8256.01,368.24,4.28,56.21,27.18,2582.14,1.85,10.65
2017-11-21,8109.0,361.51,4.24,56.84,26.64,2599.03,1.84,9.73
2017-11-22,8250.0,381.73,4.23,57.88,26.83,2597.08,1.84,9.88
2017-11-24,8215.01,470.98,4.24,58.94,26.88,2602.42,1.84,9.67
2017-11-27,9768.71,477.53,4.25,58.1,28.36,2601.42,1.83,9.87
2017-11-28,9949.0,468.52,4.25,57.96,28.13,2627.04,1.84,10.03
2017-11-29,9935.98,434.01,4.29,57.25,28.02,2626.07,1.84,10.7
2017-11-30,9903.0,434.0,4.3,57.4,25.95,2647.58,1.86,11.28
2017-12-01,10869.84,463.82,4.24,58.35,23.73,2642.22,1.86,11.43
2017-12-04,11643.98,468.22,4.24,57.48,23.68,2639.44,1.87,11.68
2017-12-05,11718.35,457.3,4.2,57.66,23.13,2629.57,1.86,11.33
2017-12-06,14090.0,432.49,4.19,55.79,23.13,2629.27,1.86,11.02
2017-12-07,17390.01,433.28,4.25,56.5,23.13,2636.98,1.87,10.16
2017-12-08,16367.03,463.45,4.25,57.15,23.85,2651.5,1.88,9.58
2017-12-11,16885.76,518.0,4.24,57.84,22.96,2659.99,1.88,9.34
2017-12-12,17730.12,686.82,4.24,57.12,22.84,2664.11,1.89,9.92
2017-12-13,16689.61,711.94,4.19,56.59,23.49,2662.85,1.88,10.18
2017-12-14,16749.78,705.01,4.17,57.0,23.0,2652.01,1.87,10.49
2017-12-15,17738.67,693.5,4.15,57.29,21.25,2675.81,1.88,9.42
2017-12-18,19039.01,785.65,4.2,57.17,18.43,2690.16,1.89,9.53
2017-12-19,17838.73,826.65,4.27,57.49,18.88,2681.47,1.91,10.03
2017-12-20,16496.89,802.86,4.31,58.09,19.46,2679.25,1.92,9.72
2017-12-21,15758.8,796.98,4.27,58.34,17.86,2684.57,1.93,9.62
2017-12-22,14210.57,682.11,4.27,58.25,19.26,2683.34,1.94,9.9
2017-12-26,15790.88,755.07,4.25,59.55,20.99,2680.5,1.94,10.25
2017-12-27,15367.08,739.99,4.18,59.67,20.64,2682.62,1.94,10.47
2017-12-28,14450.01,719.5,4.19,59.84,20.71,2687.54,1.96,10.18
2017-12-29,14565.05,748.89,4.17,60.46,21.32,2673.61,1.96,11.04
2018-01-02,14781.51,865.0,4.24,60.37,22.73,2695.81,2.0,9.77
2018-01-03,15098.14,938.31,4.21,61.61,22.75,2713.06,1.98,9.15
2018-01-04,15144.99,949.0,4.21,61.98,22.12,2723.99,2.01,9.22
2018-01-05,16960.01,969.27,4.23,61.49,22.3,2743.15,2.01,9.22
2018-01-08,14993.74,1137.01,4.23,61.73,21.9,2747.71,2.02,9.52
2018-01-09,14480.99,1290.01,4.29,62.92,22.96,2751.29,2.03,10.08
2018-01-10,14875.18,1246.94,4.28,63.6,23.52,2748.23,2.03,9.82
2018-01-11,13308.06,1137.01,4.23,63.81,23.52,2767.56,2.0,9.88
2018-01-12,13820.0,1260.0,4.23,64.22,23.52,2786.24,2.01,10.16
2018-01-16,11570.01,1080.0,4.2,63.82,26.41,2776.42,2.03,11.66
2018-01-17,11200.01,1028.06,4.23,63.92,24.78,2802.56,2.04,11.91
2018-01-18,11305.53,1025.78,4.26,63.96,24.38,2798.03,2.05,12.22
2018-01-19,11498.99,1037.45,4.28,63.38,21.2,2810.3,2.06,11.27
2018-01-22,10766.7,999.68,4.3,63.66,22.03,2832.97,2.06,11.03
2018-01-23,10824.94,984.03,4.27,64.45,22.34,2839.13,2.06,11.1
2018-01-24,11356.79,1056.99,4.3,65.69,23.93,2837.54,2.07,11.47
2018-01-25,11118.0,1040.0,4.24,65.62,22.35,2839.25,2.07,11.58
2018-01-26,11086.89,1045.57,4.26,66.27,22.29,2872.87,2.09,11.08
2018-01-29,11123.01,1162.27,4.29,65.71,22.73,2853.53,2.09,13.84
2018-01-30,9995.0,1054.39,4.32,64.64,22.9,2822.43,2.1,14.79
2018-01-31,10099.99,1105.01,4.28,64.82,22.23,2823.81,2.11,13.54
2018-02-01,9014.23,1017.48,4.34,65.92,22.24,2821.98,2.11,13.47
2018-02-02,8787.52,911.99,4.42,65.5,23.8,2762.13,2.14,17.31
2018-02-05,6905.19,693.54,4.4,64.18,25.91,2648.94,2.1,37.32
2018-02-06,7688.46,783.83,4.4,63.48,26.59,2695.14,2.1,29.98
2018-02-07,7575.75,750.04,4.46,61.91,26.79,2681.66,2.1,27.73
2018-02-08,8218.1,812.0,4.48,61.3,29.5,2581.0,2.09,33.46
2018-02-09,8671.01,875.99,4.5,59.2,29.85,2619.55,2.05,29.06
2018-02-12,8872.28,864.4,4.5,59.41,29.42,2656.0,2.07,25.61
2018-02-13,8520.01,840.49,4.52,59.33,30.39,2662.94,2.05,24.97
2018-02-14,9472.98,920.26,4.57,60.7,27.73,2698.63,2.09,19.26
2018-02-15,10031.23,929.3,4.53,61.48,27.57,2731.2,2.11,19.13
2018-02-16,10167.49,936.02,4.53,61.89,26.97,2732.22,2.09,19.46
2018-02-20,11235.57,884.76,4.55,61.91,27.58,2716.26,2.1,20.6
2018-02-21,10454.27,840.34,4.61,61.73,26.93,2701.33,2.12,20.02
2018-02-22,9830.0,806.0,4.6,62.72,24.98,2703.96,2.11,18.72
2018-02-23,10144.99,854.01,4.56,63.52,24.37,2747.3,2.12,16.49
2018-02-26,10300.0,867.09,4.56,63.81,24.36,2779.6,2.13,15.8
2018-02-27,10566.57,871.07,4.59,62.94,25.29,2744.28,2.13,18.59
2018-02-28,10307.27,849.99,4.55,61.43,26.92,2713.83,2.12,19.85
2018-03-01,10895.92,868.74,4.53,60.98,26.98,2677.67,2.1,22.47
2018-03-02,11000.0,854.31,4.58,61.19,26.15,2691.25,2.12,19.59
2018-03-05,11377.54,848.83,4.6,62.49,26.3,2720.94,2.13,18.73
2018-03-06,10700.0,815.43,4.63,62.54,25.55,2728.12,2.12,18.36
2018-03-07,9920.0,751.38,4.66,61.09,26.94,2726.8,2.13,17.76
2018-03-08,9304.9,698.83,4.64,60.13,26.16,2738.97,2.11,16.54
2018-03-09,9255.0,728.82,4.67,62.02,26.23,2786.57,2.12,14.64
2018-03-12,9120.0,696.51,4.66,61.35,24.02,2783.02,2.1,15.78
2018-03-13,9145.41,690.39,4.64,60.69,25.5,2765.31,2.09,16.35
2018-03-14,8207.03,614.62,4.61,60.89,25.21,2749.48,2.07,17.23
2018-03-15,8259.99,610.99,4.63,61.16,25.07,2747.33,2.08,16.59
2018-03-16,8275.0,600.77,4.64,62.29,24.53,2752.01,2.08,15.8
2018-03-19,8589.0,555.55,4.65,62.01,25.28,2712.92,2.08,19.02
2018-03-20,8900.0,558.0,4.68,63.37,25.3,2716.94,2.08,18.2
2018-03-21,8891.81,559.98,4.71,65.1,25.95,2711.93,2.09,17.86
2018-03-22,8715.09,539.89,4.67,64.25,26.47,2643.69,2.08,23.34
2018-03-23,8927.1,543.04,4.69,65.8,27.56,2588.26,2.07,24.87
2018-03-26,8145.0,486.75,4.69,65.49,27.71,2658.55,2.08,21.03
2018-03-27,7793.61,449.0,4.64,65.21,27.38,2612.62,2.07,22.5
2018-03-28,7942.72,445.47,4.63,64.3,26.67,2605.0,2.05,22.87
2018-03-29,7079.99,383.29,4.59,64.87,25.07,2640.87,2.05,19.97
2018-04-02,7045.01,384.0,4.59,63.05,27.53,2581.88,2.05,23.62
2018-04-03,7424.9,416.38,4.63,63.41,26.89,2614.45,2.08,21.1
2018-04-04,6791.68,378.43,4.64,63.35,26.17,2644.69,2.08,20.06
2018-04-05,6785.85,381.26,4.67,63.53,24.38,2662.84,2.08,18.94
2018-04-06,6619.01,370.32,4.61,62.03,24.99,2604.47,2.07,21.49
2018-04-09,6771.13,398.8,4.61,63.4,25.64,2613.16,2.07,21.77
2018-04-10,6824.99,415.45,4.6,65.48,28.05,2656.87,2.08,20.47
2018-04-11,6942.99,430.81,4.59,66.81,29.42,2642.19,2.11,20.24
2018-04-12,7916.0,493.41,4.62,67.07,28.73,2663.99,2.13,18.49
2018-04-13,7893.19,495.22,4.61,67.35,28.52,2656.3,2.13,17.41
2018-04-16,8048.93,511.28,4.6,66.23,28.84,2677.84,2.12,16.56
2018-04-17,7892.1,502.42,4.58,66.5,27.88,2706.39,2.14,15.25
2018-04-18,8152.05,525.89,4.63,68.44,29.42,2708.64,2.16,15.6
2018-04-19,8274.0,567.29,4.69,68.3,29.36,2693.13,2.17,15.96
2018-04-20,8866.27,617.17,4.74,68.26,28.99,2670.14,2.17,16.88
2018-04-23,8931.3,642.85,4.74,67.61,28.97,2670.29,2.18,16.34
2018-04-24,9650.0,703.38,4.77,67.66,29.15,2634.56,2.17,18.02
2018-04-25,8865.98,617.49,4.83,68.0,28.16,2639.4,2.17,17.84
2018-04-26,9272.11,661.0,4.8,68.18,26.86,2666.94,2.18,16.24
2018-04-27,8922.55,642.77,4.76,68.11,25.59,2669.91,2.17,15.41
2018-04-30,9243.82,669.81,4.74,68.56,28.28,2648.05,2.17,15.93
2018-05-01,9072.29,670.75,4.79,67.28,28.07,2654.8,2.16,15.49
2018-05-02,9190.48,685.02,4.8,67.91,27.32,2635.67,2.17,15.97
2018-05-03,9725.74,775.51,4.8,68.45,26.69,2629.73,2.16,15.9
2018-05-04,9685.0,783.01,4.81,69.71,26.17,2663.42,2.16,14.77
2018-05-07,9356.25,752.43,4.82,70.74,28.86,2672.63,2.17,14.75
2018-05-08,9177.81,746.99,4.84,68.83,26.76,2671.92,2.16,14.71
2018-05-09,9300.08,750.0,4.86,71.16,26.71,2697.79,2.18,13.42
2018-05-10,9010.51,723.51,4.81,71.36,26.61,2723.07,2.17,13.23
2018-05-11,8403.33,678.05,4.79,70.69,25.74,2727.72,2.15,12.65
2018-05-14,8670.0,726.9,4.81,71.01,25.93,2730.13,2.15,12.93
2018-05-15,8477.46,706.08,4.89,71.34,26.61,2711.45,2.18,14.63
2018-05-16,8344.0,707.45,4.89,71.43,25.73,2722.46,2.17,13.42
2018-05-17,8059.0,668.56,4.93,71.47,25.11,2720.13,2.16,13.43
2018-05-18,8238.51,694.5,4.89,71.23,25.23,2712.97,2.15,13.42
2018-05-21,8393.44,696.77,4.89,72.26,25.79,2733.01,2.16,13.08
2018-05-22,7987.7,640.5,4.89,72.09,25.89,2724.44,2.15,13.22
2018-05-23,7505.0,577.2,4.85,71.85,26.04,2733.29,2.14,12.58
2018-05-24,7584.15,602.64,4.82,70.77,25.37,2727.76,2.12,12.53
2018-05-25,7459.11,584.02,4.78,67.92,27.76,2721.33,2.09,13.22
2018-05-29,7460.0,566.66,4.73,66.8,29.04,2689.86,2.04,17.02
2018-05-30,7380.01,557.22,4.75,68.24,27.9,2724.01,2.06,14.94
2018-05-31,7485.0,577.1,4.72,66.98,27.61,2705.27,2.07,15.43
2018-06-01,7514.32,578.89,4.79,65.81,28.65,2734.62,2.09,13.46
2018-06-04,7487.37,591.5,4.82,64.76,29.49,2746.87,2.12,12.74
2018-06-05,7612.51,607.6,4.82,65.51,29.3,2748.8,2.13,12.4
2018-06-06,7655.0,606.18,4.88,64.75,29.14,2772.35,2.14,11.64
2018-06-07,7684.93,603.56,4.82,65.96,28.05,2770.37,2.13,12.13
2018-06-08,7618.83,598.59,4.83,65.77,27.59,2779.03,2.11,12.18
2018-06-11,6881.0,531.68,4.85,66.1,26.86,2782.0,2.13,12.35
2018-06-12,6544.99,494.14,4.84,66.38,26.58,2786.85,2.13,12.34
2018-06-13,6302.32,476.02,4.85,66.63,27.08,2775.63,2.12,12.94
2018-06-14,6638.49,519.75,4.82,66.91,26.69,2782.49,2.12,12.12
2018-06-15,6391.22,487.45,4.8,65.01,27.64,2779.66,2.12,11.98
2018-06-18,6709.02,517.47,4.82,65.91,27.58,2773.75,2.12,12.31
2018-06-19,6736.41,538.5,4.8,65.09,28.01,2762.59,2.12,13.35
2018-06-20,6756.1,535.99,4.85,65.92,28.06,2767.32,2.12,12.79
2018-06-21,6719.01,525.49,4.85,65.68,27.78,2749.76,2.11,14.64
2018-06-22,6059.82,462.01,4.87,69.02,25.52,2754.88,2.12,13.77
2018-06-25,6246.01,458.41,4.86,69.91,26.1,2717.07,2.1,17.33
2018-06-26,6074.0,429.08,4.87,75.23,25.67,2723.06,2.12,15.92
2018-06-27,6132.17,441.41,4.81,77.41,27.69,2699.63,2.11,17.91
2018-06-28,5851.66,420.0,4.84,73.45,27.35,2716.31,2.1,16.85
2018-06-29,6202.36,434.6,4.84,74.13,27.18,2718.37,2.11,16.09
2018-07-02,6611.79,476.34,4.84,73.89,28.65,2726.71,2.14,15.6
2018-07-03,6502.62,461.75,4.82,74.19,28.58,2713.22,2.12,16.14
2018-07-05,6532.95,467.25,4.79,73.05,28.77,2736.61,2.13,14.97
2018-07-06,6600.0,469.3,4.78,73.78,28.13,2759.82,2.12,13.37
2018-07-09,6664.01,471.6,4.79,73.93,28.12,2784.17,2.13,12.69
2018-07-10,6303.7,432.59,4.78,74.11,26.9,2793.84,2.13,12.64
2018-07-11,6390.04,446.25,4.76,70.47,28.56,2774.02,2.11,13.63
2018-07-12,6249.75,431.46,4.75,70.28,27.81,2798.29,2.1,12.58
2018-07-13,6216.29,432.8,4.73,71.03,27.54,2801.31,2.11,12.18
2018-07-16,6728.81,478.18,4.76,68.22,29.01,2798.43,2.1,12.83
2018-07-17,7315.01,499.01,4.76,68.03,28.0,2809.55,2.09,12.06
2018-07-18,7378.99,478.81,4.77,68.78,27.24,2815.62,2.09,12.1
2018-07-19,7470.01,468.39,4.74,69.42,26.84,2804.49,2.09,12.87
2018-07-20,7334.46,448.21,4.8,70.31,26.01,2801.83,2.11,12.86
2018-07-23,7720.09,449.0,4.87,67.9,26.15,2806.98,2.11,12.62
2018-07-24,8385.5,478.79,4.83,70.77,25.65,2820.4,2.11,12.41
2018-07-25,8157.15,470.81,4.81,71.13,25.34,2846.07,2.13,12.29
2018-07-26,7931.99,461.42,4.83,71.59,24.88,2837.44,2.11,12.14
2018-07-27,8184.21,469.3,4.8,68.66,24.97,2818.82,2.12,13.03
2018-07-30,8170.01,456.46,4.82,71.19,25.83,2802.6,2.13,14.26
2018-07-31,7727.27,432.35,4.79,69.88,26.52,2816.29,2.12,12.83
2018-08-01,7603.99,419.6,4.83,68.8,26.45,2813.36,2.13,13.15
2018-08-02,7533.92,410.71,4.82,68.95,25.73,2827.22,2.12,12.19
2018-08-03,7414.08,417.8,4.79,68.49,25.61,2840.35,2.12,11.64
2018-08-06,6938.0,404.99,4.76,69.01,25.42,2850.4,2.11,11.27
2018-08-07,6718.22,378.08,4.8,69.17,25.22,2858.45,2.13,10.93
2018-08-08,6282.5,355.7,4.8,66.92,26.41,2857.7,2.11,10.85
2018-08-09,6546.45,363.99,4.78,66.81,25.4,2853.58,2.11,11.27
2018-08-10,6146.01,330.99,4.74,67.61,25.45,2833.28,2.09,13.16
2018-08-13,6253.67,284.11,4.79,67.25,25.31,2821.93,2.1,14.78
2018-08-14,6195.01,279.4,4.79,67.04,26.18,2839.96,2.09,13.31
2018-08-15,6269.01,281.21,4.76,65.07,27.26,2818.37,2.08,14.64
2018-08-16,6315.9,286.67,4.76,65.44,26.33,2840.69,2.08,13.45
2018-08-17,6585.49,317.54,4.76,65.93,25.71,2850.13,2.08,12.64
2018-08-20,6258.74,270.76,4.71,66.5,25.26,2857.05,2.07,12.49
2018-08-21,6475.89,281.49,4.73,67.32,25.08,2862.96,2.08,12.86
2018-08-22,6359.99,270.47,4.73,67.85,24.72,2861.82,2.08,12.25
2018-08-23,6526.36,275.87,4.72,69.13,24.35,2856.98,2.09,12.41
2018-08-24,6690.88,281.35,4.72,69.71,23.31,2874.69,2.09,11.99
2018-08-27,6911.9,287.99,4.74,69.97,23.68,2896.74,2.11,12.16
2018-08-28,7071.01,295.39,4.78,68.54,24.5,2897.52,2.11,12.5
2018-08-29,7030.9,289.0,4.77,69.68,24.32,2914.04,2.12,12.25
2018-08-30,6983.0,284.52,4.76,70.25,24.89,2901.13,2.1,13.53
2018-08-31,7015.01,281.94,4.78,69.84,25.02,2901.52,2.08,12.86
2018-09-04,7360.0,285.43,4.84,69.82,26.7,2896.72,2.1,13.16
2018-09-05,6687.96,227.56,4.85,68.69,26.62,2888.6,2.09,13.91
2018-09-06,6495.0,229.03,4.81,67.81,26.16,2878.05,2.08,14.65
2018-09-07,6395.01,215.21,4.87,67.73,26.07,2871.68,2.1,14.88
2018-09-10,6300.0,196.94,4.86,67.55,26.13,2877.13,2.1,14.16
2018-09-11,6282.53,185.15,4.88,69.29,27.14,2887.89,2.12,13.22
2018-09-12,6326.0,182.79,4.86,70.37,26.94,2888.92,2.12,13.14
2018-09-13,6485.99,211.39,4.84,68.6,26.7,2904.18,2.1,12.37
2018-09-14,6478.04,210.0,4.87,68.98,26.4,2904.98,2.1,12.07
2018-09-17,6250.7,195.97,4.87,68.86,26.49,2888.8,2.1,13.68
2018-09-18,6335.7,208.5,4.93,69.87,26.8,2904.31,2.13,12.79
2018-09-19,6386.94,209.81,4.96,71.08,26.35,2907.95,2.15,11.75
2018-09-20,6493.11,224.41,4.92,70.77,26.07,2930.75,2.15,11.8
2018-09-21,6750.0,247.76,4.9,70.8,26.15,2929.67,2.15,11.68
2018-09-24,6582.09,228.01,4.92,73.23,26.97,2919.37,2.16,12.2
2018-09-25,6436.89,219.19,4.93,73.4,26.83,2915.56,2.16,12.42
2018-09-26,6455.66,214.15,4.9,72.22,26.53,2905.97,2.14,12.89
2018-09-27,6680.01,229.0,4.89,72.18,26.45,2914.0,2.15,12.41
2018-09-28,6620.01,220.67,4.89,73.16,26.73,2913.98,2.14,12.12
2018-10-01,6572.83,230.4,4.92,75.37,27.95,2924.59,2.14,12.0
2018-10-02,6498.46,224.85,4.89,75.16,27.68,2923.43,2.12,12.05
2018-10-03,6466.03,219.01,4.98,76.4,28.04,2925.51,2.16,11.61
2018-10-04,6547.45,221.0,5.03,74.44,28.9,2901.61,2.16,14.22
2018-10-05,6593.94,226.89,5.08,74.26,28.84,2885.57,2.16,14.82
2018-10-09,6589.48,226.15,5.05,74.95,27.9,2880.34,2.17,15.95
2018-10-10,6524.56,223.61,5.08,73.18,28.81,2785.68,2.16,22.96
2018-10-11,6154.69,188.32,5.02,70.97,29.29,2728.37,2.12,24.98
2018-10-12,6188.01,194.1,5.03,71.41,27.73,2767.13,2.12,21.31
2018-10-15,6440.42,204.53,5.05,71.84,28.59,2750.79,2.13,21.3
2018-10-16,6457.11,205.43,5.04,71.93,28.59,2809.92,2.13,17.62
2018-10-17,6443.7,203.21,5.07,69.63,28.13,2809.21,2.13,17.4
2018-10-18,6394.96,199.2,5.09,68.63,28.53,2768.78,2.1,20.06
2018-10-19,6382.99,200.0,5.12,69.16,27.42,2767.78,2.11,19.89
2018-10-22,6407.65,201.25,5.12,69.25,27.76,2755.88,2.11,19.64
2018-10-23,6395.14,201.12,5.13,66.49,29.38,2740.69,2.09,20.71
2018-10-24,6415.98,200.68,5.09,66.56,29.8,2656.1,2.07,25.23
2018-10-25,6395.58,199.65,5.12,67.25,28.5,2705.57,2.05,24.22
2018-10-26,6404.87,200.7,5.1,67.58,29.09,2658.69,2.06,24.16
2018-10-29,6266.0,194.31,5.1,67.0,29.46,2641.25,2.06,24.7
2018-10-30,6267.63,195.35,5.15,66.18,29.9,2682.63,2.05,23.35
2018-10-31,6304.18,196.95,5.18,65.31,30.12,2711.74,2.05,21.23
2018-11-01,6344.0,197.96,5.18,63.67,31.54,2740.37,2.02,19.34
2018-11-02,6349.8,199.75,5.24,63.12,32.21,2723.06,2.06,19.51
2018-11-05,6404.0,208.53,5.22,63.12,32.68,2738.31,2.06,19.96
2018-11-06,6448.5,218.65,5.2,62.16,34.15,2755.45,2.07,19.91
2018-11-07,6503.12,216.84,5.18,61.69,33.05,2813.89,2.07,16.36
2018-11-08,6406.24,210.34,5.2,60.71,32.23,2806.83,2.07,16.72
2018-11-09,6334.89,208.01,5.17,60.19,35.1,2781.01,2.04,17.36
2018-11-13,6259.34,203.2,5.18,55.63,55.71,2722.18,2.02,20.02
2018-11-14,5605.46,177.79,5.21,56.16,47.07,2701.58,2.0,21.25
2018-11-15,5579.52,178.89,5.24,56.45,43.87,2730.2,2.0,19.98
2018-11-16,5512.24,172.4,5.21,56.49,40.56,2736.27,2.02,18.14
2018-11-19,4733.5,145.21,5.22,57.16,43.45,2690.73,1.99,20.1
2018-11-20,4349.23,127.55,5.23,53.39,56.56,2641.89,1.97,22.48
2018-11-21,4545.11,134.73,5.23,54.41,51.79,2649.93,1.97,20.8
2018-11-26,3731.32,106.95,5.23,51.46,57.87,2673.45,1.96,18.9
2018-11-27,3775.0,108.7,5.26,51.31,54.64,2682.17,1.91,19.02
2018-11-28,4225.03,121.94,5.28,50.06,53.99,2743.79,1.94,18.49
2018-11-29,4248.0,116.38,5.29,51.46,53.96,2737.76,1.98,18.79
2018-11-30,3976.0,111.65,5.28,50.78,56.04,2760.17,1.97,18.07
2018-12-03,3833.47,107.21,5.24,52.98,49.61,2790.37,1.96,16.44
2018-12-04,3901.84,108.61,5.16,53.21,49.84,2700.06,1.94,20.74
2018-12-06,3433.26,89.09,5.16,51.54,50.13,2695.95,1.9,21.19
2018-12-07,3380.01,92.45,5.16,52.76,41.83,2633.08,1.89,23.23
2018-12-10,3410.15,89.23,5.16,51.07,45.06,2637.72,1.86,22.64
2018-12-11,3349.36,86.96,5.15,51.65,41.46,2636.78,1.83,21.76
2018-12-12,3430.24,89.09,5.15,51.04,39.9,2651.07,1.83,21.46
2018-12-13,3265.0,85.35,5.16,52.69,39.25,2650.54,1.83,20.65
2018-12-14,3195.71,83.0,5.14,51.26,42.38,2599.95,1.82,21.63
2018-12-17,3496.82,93.79,5.11,49.8,46.59,2545.94,1.81,24.52
2018-12-18,3667.77,101.0,5.08,46.12,53.35,2546.16,1.81,25.58
2018-12-19,3682.51,99.34,5.04,47.96,50.86,2506.96,1.8,25.58
2018-12-20,4075.34,114.52,5.07,45.64,52.89,2467.42,1.76,28.38
2018-12-21,3839.06,107.74,5.1,45.38,51.76,2416.62,1.77,30.11
2018-12-26,3809.88,130.47,5.14,46.04,54.07,2467.7,1.77,30.41
2018-12-27,3589.89,114.63,5.13,44.48,57.16,2488.83,1.74,29.96
2018-12-28,3888.06,136.82,5.16,45.15,53.11,2485.74,1.73,28.34
2019-01-02,3890.79,153.5,5.11,46.31,54.72,2510.03,1.7,23.22
2019-01-03,3787.57,147.23,5.04,46.92,53.57,2447.89,1.68,25.45
2019-01-04,3820.25,153.24,5.12,47.76,51.52,2531.94,1.76,21.38
2019-01-07,4006.01,150.62,5.12,48.27,50.42,2549.69,1.78,21.4
2019-01-08,3993.86,148.97,5.12,49.58,46.08,2574.41,1.82,20.47
2019-01-09,4004.12,149.5,5.13,52.19,44.36,2584.96,1.83,19.98
2019-01-10,3626.12,126.41,5.16,52.42,42.99,2596.64,1.81,19.5
2019-01-11,3635.69,125.83,5.13,51.44,40.99,2596.26,1.83,18.19
2019-01-14,3664.19,128.37,5.17,50.31,40.81,2582.61,1.81,19.07
2019-01-15,3580.76,120.0,5.18,51.8,39.75,2610.3,1.81,18.6
2019-01-16,3609.71,122.12,5.18,52.08,38.77,2616.1,1.82,19.04
2019-01-17,3640.65,122.55,5.18,51.83,37.03,2635.96,1.79,18.06
2019-01-18,3607.85,119.53,5.17,53.6,35.63,2670.71,1.83,17.8
2019-01-22,3577.03,118.08,5.12,52.59,38.26,2632.9,1.79,20.8
2019-01-23,3553.01,116.55,5.13,52.44,37.69,2638.7,1.8,19.52
2019-01-24,3568.97,116.4,5.09,52.94,36.75,2642.33,1.77,18.89
2019-01-25,3562.17,114.95,5.1,53.53,35.21,2664.76,1.79,17.42
2019-01-28,3429.95,105.47,5.11,51.79,37.61,2643.85,1.78,18.87
2019-01-29,3397.42,104.02,5.08,53.07,37.13,2640.0,1.78,19.13
2019-01-30,3437.55,107.61,5.07,54.18,35.59,2681.05,1.84,17.66
2019-01-31,3411.5,105.79,5.01,53.84,34.97,2704.1,1.85,16.57
2019-02-01,3437.5,105.88,5.01,55.29,33.4,2706.53,1.88,16.14
2019-02-04,3409.57,106.08,5.03,54.57,33.7,2724.87,1.87,15.73
2019-02-05,3428.4,106.0,4.98,53.69,34.57,2737.7,1.87,15.57
2019-02-06,3367.36,103.36,4.98,53.94,33.02,2731.61,1.86,15.38
2019-02-07,3359.0,103.21,4.96,52.68,34.34,2706.05,1.84,16.37
2019-02-08,3621.99,117.96,4.93,52.75,32.56,2707.88,1.82,15.72
2019-02-11,3590.36,119.55,4.95,52.43,33.34,2709.8,1.82,15.97
2019-02-12,3588.06,120.82,4.98,53.14,32.69,2744.73,1.83,15.43
2019-02-13,3576.68,120.74,4.98,53.84,32.26,2753.03,1.86,15.65
2019-02-14,3561.5,119.39,4.96,54.4,32.1,2745.73,1.85,16.22
2019-02-15,3566.59,120.42,4.94,55.58,29.46,2775.6,1.86,14.91
2019-02-19,3888.01,142.69,4.93,56.12,31.0,2779.76,1.87,14.88
2019-02-20,3938.99,147.19,4.88,56.9,30.76,2784.7,1.89,14.02
2019-02-21,3897.71,144.21,4.92,56.95,30.16,2774.88,1.91,14.46
2019-02-22,3942.02,146.68,4.9,57.01,29.85,2792.67,1.91,13.51
2019-02-25,3818.79,137.64,4.9,55.32,32.69,2796.11,1.92,14.85
2019-02-26,3799.48,135.66,4.88,55.4,31.57,2793.9,1.92,15.17
2019-02-27,3799.91,134.46,4.94,56.92,31.01,2792.38,1.93,14.7
2019-02-28,3792.14,134.48,4.95,57.21,30.27,2784.49,1.95,14.7
2019-03-01,3806.17,134.72,4.98,55.76,30.31,2803.69,1.96,13.57
2019-03-04,3700.72,125.24,4.94,56.6,30.2,2792.81,1.94,14.63
2019-03-05,3844.59,136.3,4.94,56.55,30.21,2789.65,1.93,14.74
2019-03-06,3851.89,137.0,4.94,56.22,29.69,2771.45,1.91,15.74
2019-03-07,3857.05,136.29,4.89,56.6,30.43,2748.93,1.9,16.59
2019-03-08,3843.12,132.75,4.89,55.77,29.77,2743.07,1.9,16.05
2019-03-11,3849.68,132.05,4.91,56.79,29.18,2783.3,1.91,14.33
2019-03-12,3860.0,132.8,4.86,56.89,28.56,2791.52,1.9,13.77
2019-03-13,3851.02,131.16,4.87,58.27,28.13,2810.92,1.92,13.41
2019-03-14,3853.95,131.4,4.9,58.59,27.22,2808.48,1.94,13.5
2019-03-15,3902.8,135.99,4.87,58.51,26.27,2822.48,1.94,12.88
2019-03-18,3970.5,137.01,4.87,59.09,26.48,2832.94,1.96,13.1
2019-03-19,4000.85,138.15,4.88,59.12,28.44,2832.57,1.95,13.56
2019-03-20,4031.85,138.73,4.83,60.12,27.21,2824.23,1.96,13.91
2019-03-21,3972.76,134.41,4.82,59.98,27.14,2854.88,1.96,13.63
2019-03-22,3983.78,135.63,4.74,58.87,27.78,2800.71,1.9,16.48
2019-03-25,3907.53,133.01,4.71,58.71,29.32,2798.36,1.88,16.33
2019-03-26,3921.45,133.28,4.71,59.87,27.92,2818.46,1.86,14.68
2019-03-27,4026.53,139.08,4.67,59.39,28.11,2805.37,1.84,15.15
2019-03-28,4011.17,137.46,4.66,59.29,28.52,2815.44,1.83,14.43
2019-03-29,4091.01,142.83,4.67,60.19,26.75,2834.4,1.88,13.71
2019-04-01,4137.0,141.0,4.73,61.59,26.23,2867.19,1.9,13.4
2019-04-02,4901.93,164.69,4.72,62.53,26.28,2867.24,1.9,13.36
2019-04-03,4975.97,161.33,4.75,62.46,25.57,2873.4,1.91,13.74
2019-04-04,4906.49,157.65,4.73,62.12,25.22,2879.39,1.9,13.58
2019-04-05,5040.66,166.08,4.72,63.1,24.0,2892.74,1.9,12.82
2019-04-08,5285.54,180.74,4.73,64.37,24.33,2895.77,1.91,13.18
2019-04-09,5187.21,175.83,4.7,64.05,24.66,2878.2,1.91,14.28
2019-04-10,5318.58,177.55,4.69,64.62,24.68,2888.21,1.94,13.3
2019-04-11,5041.3,164.92,4.71,63.61,25.7,2888.32,1.94,13.02
2019-04-12,5078.19,164.27,4.71,63.86,25.7,2907.41,1.95,12.01
2019-04-15,5029.99,160.24,4.7,63.43,25.51,2905.58,1.94,12.32
2019-04-16,5202.9,166.38,4.72,64.01,25.57,2907.06,1.96,12.18
2019-04-17,5227.0,166.54,4.72,63.74,25.19,2900.45,1.94,12.6
2019-04-18,5280.49,174.15,4.69,64.02,24.45,2905.03,1.95,12.09
2019-04-22,5387.6,171.58,4.73,65.66,26.07,2907.97,1.95,12.42
2019-04-23,5532.75,170.14,4.71,66.24,26.56,2933.68,1.95,12.28
2019-04-24,5441.9,165.75,4.67,65.96,25.28,2927.25,1.96,13.14
2019-04-25,5134.81,152.05,4.68,65.23,25.57,2926.17,1.98,13.25
2019-04-26,5159.51,153.41,4.64,63.29,31.24,2939.88,1.97,12.73
2019-04-29,5148.25,152.36,4.67,63.39,29.04,2943.03,1.96,13.11
2019-04-30,5270.69,160.4,4.65,63.83,29.31,2945.83,1.95,13.12
2019-05-01,5321.15,158.3,4.63,63.55,29.41,2923.73,1.93,14.8
2019-05-02,5390.01,158.7,4.67,61.75,30.49,2917.52,1.89,14.42
2019-05-03,5657.4,164.74,4.65,61.98,29.88,2945.64,1.91,12.87
2019-05-06,5687.9,171.07,4.65,62.3,30.91,2932.47,1.91,15.44
2019-05-07,5748.45,166.51,4.62,61.41,34.07,2884.05,1.87,19.32
2019-05-08,5948.41,169.58,4.66,62.13,32.23,2879.42,1.87,19.4
2019-05-09,6153.09,170.11,4.66,61.58,32.48,2870.72,1.85,19.1
2019-05-10,6343.14,172.21,4.67,61.65,32.8,2881.4,1.88,16.04
2019-05-13,7824.93,196.51,4.65,60.97,34.6,2811.87,1.85,20.55
2019-05-14,7990.92,217.44,4.66,61.82,32.13,2834.41,1.86,18.06
2019-05-15,8203.32,249.0,4.63,62.03,29.26,2850.96,1.83,16.44
2019-05-16,7878.96,264.5,4.64,62.93,29.42,2876.32,1.84,15.29
2019-05-17,7363.69,244.59,4.63,62.77,29.44,2859.53,1.81,15.96
2019-05-20,7999.54,252.22,4.65,63.12,27.63,2840.23,1.81,16.31
2019-05-21,7951.7,254.74,4.66,63.02,26.93,2864.36,1.83,14.95
2019-05-22,7626.48,243.32,4.65,61.42,28.19,2856.27,1.79,14.75
2019-05-23,7881.98,245.64,4.59,57.65,33.79,2822.24,1.73,16.92
2019-05-24,7994.88,249.45,4.63,58.4,33.19,2826.06,1.76,15.85
2019-05-28,8686.5,270.52,4.58,58.91,34.36,2802.39,1.73,17.5
2019-05-29,8660.5,269.23,4.58,58.84,36.43,2783.02,1.75,17.9
2019-05-30,8273.57,253.76,4.55,56.47,39.62,2788.86,1.74,17.3
2019-05-31,8550.18,267.84,4.51,53.49,46.91,2752.06,1.74,18.71
2019-06-03,8015.01,246.0,4.49,53.25,46.78,2744.45,1.73,18.86
2019-06-04,7688.26,241.47,4.54,53.5,43.46,2803.27,1.74,16.97
2019-06-05,7766.91,245.73,4.57,51.57,45.19,2826.15,1.75,16.09
2019-06-06,7812.15,250.22,4.56,52.59,40.66,2843.49,1.73,15.93
2019-06-07,7992.17,249.31,4.51,53.95,38.75,2873.34,1.74,16.3
2019-06-10,8046.13,248.39,4.54,53.33,39.12,2886.73,1.73,15.94
2019-06-11,7918.2,245.47,4.53,53.3,38.69,2885.72,1.72,15.99
2019-06-12,8169.01,263.29,4.54,51.13,43.06,2879.84,1.71,15.91
2019-06-13,8256.0,256.35,4.52,52.38,41.56,2891.64,1.68,15.82
2019-06-14,8693.98,263.67,4.51,52.47,42.89,2886.98,1.63,15.28
2019-06-17,9346.47,274.16,4.5,51.94,46.15,2889.67,1.61,15.35
2019-06-18,9089.99,264.48,4.46,53.86,43.43,2917.75,1.64,15.15
2019-06-19,9283.99,268.99,4.44,53.74,40.79,2926.46,1.67,14.33
2019-06-20,9542.6,272.36,4.39,56.88,41.66,2954.18,1.74,14.75
2019-06-21,10175.88,295.3,4.42,57.35,42.13,2950.46,1.73,15.4
2019-06-24,11040.03,311.4,4.35,57.73,41.0,2945.35,1.71,15.26
2019-06-25,11736.99,316.26,4.34,57.63,40.26,2917.38,1.67,16.28
2019-06-26,12902.52,334.7,4.37,59.17,38.45,2913.78,1.7,16.21
2019-06-27,11127.4,293.88,4.32,59.18,37.84,2924.92,1.68,15.82
2019-06-28,12317.73,309.1,4.31,58.2,39.46,2941.76,1.69,15.08
2019-07-01,10570.62,293.76,4.32,58.91,35.92,2964.33,1.69,14.06
2019-07-02,10885.01,292.29,4.27,56.0,37.77,2973.01,1.65,12.93
2019-07-03,12022.61,303.24,4.22,57.06,36.72,2995.82,1.65,12.57
2019-07-08,12298.31,313.21,4.28,57.35,34.0,2975.95,1.7,13.96
2019-07-09,12559.46,307.51,4.29,57.57,30.3,2979.63,1.71,14.09
2019-07-10,12083.13,288.21,4.32,60.28,30.76,2993.07,1.74,13.03
2019-07-11,11323.95,268.46,4.38,59.93,29.86,2999.91,1.77,12.93
2019-07-12,11811.99,275.69,4.37,59.99,30.39,3013.77,1.77,12.39
2019-07-15,10855.56,229.05,4.34,59.3,30.83,3014.3,1.77,12.68
2019-07-16,9436.0,199.04,4.36,57.44,32.06,3004.04,1.8,12.86
2019-07-17,9708.55,211.32,4.3,56.5,34.94,2984.42,1.75,13.97
2019-07-18,10654.25,226.43,4.31,55.08,33.07,2995.11,1.79,13.53
2019-07-19,10548.04,221.99,4.31,55.42,34.84,2976.61,1.8,14.45
2019-07-22,10304.64,216.6,4.29,55.87,33.63,2985.03,1.79,13.53
2019-07-23,9833.19,212.0,4.31,56.58,32.25,3005.47,1.81,12.61
2019-07-24,9751.24,215.64,4.2,55.9,32.86,3019.56,1.79,12.07
2019-07-25,9880.67,219.15,4.22,55.88,31.95,3003.67,1.8,12.74
2019-07-26,9841.96,219.26,4.21,56.04,32.29,3025.86,1.78,12.16
2019-07-29,9503.32,210.77,4.19,56.85,31.63,3020.97,1.77,12.83
2019-07-30,9580.0,209.72,4.2,58.04,30.07,3013.18,1.78,13.94
2019-07-31,10099.0,218.86,4.15,58.53,30.77,2980.38,1.76,16.12
2019-08-01,10417.24,217.66,4.07,53.64,36.43,2953.56,1.7,17.87
2019-08-02,10533.07,217.89,4.04,55.67,35.56,2932.05,1.66,17.61
2019-08-05,11775.14,232.65,3.99,54.63,37.04,2844.74,1.6,24.59
2019-08-06,11440.08,225.7,3.98,53.6,36.43,2881.77,1.62,20.17
2019-08-07,12014.41,226.47,3.94,51.14,38.1,2883.98,1.62,19.49
2019-08-08,12017.89,220.97,3.97,52.6,35.98,2938.09,1.65,16.91
2019-08-09,11889.0,210.84,3.97,54.41,35.14,2918.65,1.66,17.97
2019-08-12,11387.38,211.03,3.88,54.98,34.43,2883.75,1.61,21.09
2019-08-13,10855.58,208.38,3.9,57.05,33.19,2926.32,1.63,17.52
2019-08-14,10105.34,187.49,3.82,55.16,35.83,2840.6,1.57,22.1
2019-08-15,10280.96,188.0,3.79,54.51,36.2,2847.6,1.54,21.18
2019-08-16,10368.83,185.56,3.81,54.83,35.02,2888.68,1.54,18.47
2019-08-19,10935.67,202.46,3.89,56.24,32.99,2923.65,1.56,16.88
2019-08-20,10770.99,196.65,3.85,56.18,32.34,2900.51,1.53,17.5
2019-08-21,10137.75,189.74,3.84,55.65,32.39,2924.43,1.54,15.8
2019-08-22,10088.89,189.71,3.87,55.33,32.39,2922.95,1.55,16.68
2019-08-23,10415.01,194.56,3.79,54.08,35.2,2847.11,1.54,19.87
2019-08-26,10373.75,188.26,3.81,53.54,35.42,2878.38,1.54,19.32
2019-08-27,10170.16,187.0,3.75,54.99,33.73,2869.16,1.55,20.31
2019-08-28,9710.38,172.66,3.73,55.76,32.72,2887.94,1.55,19.35
2019-08-29,9525.0,169.64,3.77,56.67,31.82,2924.58,1.59,17.88
2019-08-30,9580.6,168.37,3.76,55.07,32.16,2926.46,1.55,18.98
2019-09-03,10628.46,178.76,3.75,53.91,35.73,2906.27,1.5,19.66
2019-09-04,10585.67,174.84,3.76,56.22,34.56,2937.78,1.51,17.33
2019-09-05,10574.27,174.0,3.85,56.33,33.5,2976.0,1.56,16.27
2019-09-06,10318.8,169.49,3.81,56.45,33.21,2978.71,1.54,15.0
2019-09-09,10310.01,180.72,3.86,57.88,33.28,2978.43,1.57,15.27
2019-09-10,10090.01,179.58,3.94,57.37,33.55,2979.39,1.6,15.2
2019-09-11,10169.49,178.31,3.97,55.66,34.94,3000.93,1.6,14.61
2019-09-12,10437.19,181.17,4.01,55.13,35.58,3009.57,1.63,14.22
2019-09-13,10381.91,181.91,4.11,54.76,35.48,3007.39,1.67,13.74
2019-09-16,10268.77,197.94,4.04,63.1,48.58,2997.96,1.67,14.67
2019-09-17,10185.14,208.11,4.02,59.26,44.89,3005.7,1.66,14.44
2019-09-18,10155.26,210.25,3.98,58.19,40.44,3006.73,1.59,13.95
2019-09-19,10304.94,221.69,3.96,58.19,41.15,3006.79,1.61,14.05
2019-09-20,10168.44,218.11,3.93,57.92,38.99,2992.07,1.61,15.32
2019-09-23,9683.89,200.77,3.89,58.69,39.06,2991.78,1.61,14.91
2019-09-24,8556.43,167.07,3.84,57.22,38.74,2966.6,1.58,17.05
2019-09-25,8446.57,170.28,3.93,56.38,38.37,2984.87,1.6,15.96
2019-09-26,8063.0,165.86,3.88,56.24,37.52,2977.62,1.57,16.07
2019-09-27,8193.98,174.29,3.88,55.95,38.9,2961.79,1.53,17.22
2019-09-30,8305.14,181.6,3.88,54.09,38.75,2976.74,1.53,16.24
2019-10-01,8323.43,176.25,3.87,53.6,38.88,2940.25,1.52,18.56
2019-10-02,8396.0,181.21,3.86,52.67,39.62,2887.61,1.5,20.56
2019-10-03,8241.25,175.17,3.83,52.41,40.4,2910.63,1.48,19.12
2019-10-04,8159.71,175.82,3.81,52.84,39.31,2952.01,1.5,17.04
2019-10-07,8224.82,180.65,3.84,52.76,39.42,2938.79,1.51,17.86
2019-10-08,8186.73,180.95,3.84,52.64,39.49,2893.06,1.48,20.28
2019-10-09,8600.0,193.41,3.88,52.63,38.0,2919.4,1.49,18.64
2019-10-10,8589.01,192.04,3.94,53.57,39.52,2938.13,1.52,17.57
2019-10-11,8263.64,180.85,3.98,54.76,39.65,2970.27,1.56,15.58
2019-10-15,8156.52,180.49,3.98,52.81,39.47,2995.68,1.56,13.54
2019-10-16,7993.0,174.5,3.97,53.42,39.47,2989.69,1.57,13.68
2019-10-17,8077.0,177.38,3.97,53.89,37.71,2997.95,1.59,13.79
2019-10-18,7954.16,173.27,3.97,53.75,36.43,2986.2,1.6,14.25
2019-10-21,8214.58,174.34,3.99,53.28,36.66,3006.72,1.61,14.0
2019-10-22,8008.04,171.08,3.95,54.21,35.52,2995.99,1.61,14.46
2019-10-23,7473.42,162.35,3.95,55.9,35.66,3004.52,1.61,14.01
2019-10-24,7439.29,160.68,3.94,56.11,35.95,3010.29,1.62,13.71
2019-10-25,8704.85,182.27,3.96,56.52,34.64,3022.55,1.65,12.65
2019-10-28,9221.96,181.87,4.01,55.6,35.64,3039.42,1.64,13.11
2019-10-29,9431.27,190.93,3.99,55.34,35.7,3036.89,1.61,13.2
2019-10-30,9175.77,183.63,3.95,54.85,34.36,3046.77,1.57,12.33
2019-10-31,9146.75,182.06,3.87,54.02,35.84,3037.56,1.54,13.22
2019-11-01,9268.0,183.55,3.89,56.04,34.37,3066.91,1.59,12.3
2019-11-04,9414.0,186.12,3.95,56.33,35.63,3078.27,1.64,12.83
2019-11-05,9314.99,188.7,4.01,57.04,33.77,3074.62,1.68,13.1
2019-11-06,9343.11,191.41,3.95,56.15,33.22,3076.78,1.66,12.62
2019-11-07,9196.71,186.53,4.05,56.91,31.45,3085.18,1.69,12.73
2019-11-08,8758.69,183.44,4.05,57.02,31.45,3093.08,1.71,12.07
2019-11-12,8823.65,186.99,4.02,56.67,33.74,3091.84,1.7,12.68
2019-11-13,8765.61,188.0,3.99,56.88,35.15,3094.04,1.66,13.0
2019-11-14,8630.01,184.69,3.95,56.57,33.94,3096.63,1.62,13.05
2019-11-15,8460.0,180.03,3.97,57.54,32.42,3120.46,1.63,12.05
2019-11-18,8160.73,177.65,3.95,56.82,33.68,3122.03,1.63,12.46
2019-11-19,8123.36,175.62,3.92,54.93,32.94,3120.18,1.63,12.86
2019-11-20,8082.96,174.25,3.89,56.71,32.2,3108.46,1.6,12.78
2019-11-21,7618.76,160.84,3.92,58.36,31.59,3103.54,1.63,13.13
2019-11-22,7296.45,150.32,3.91,57.68,32.38,3110.29,1.62,12.34
2019-11-25,7125.0,146.12,3.89,57.79,31.9,3133.64,1.62,11.87
2019-11-26,7155.0,147.57,3.85,58.25,31.25,3140.52,1.62,11.54
2019-11-27,7539.4,153.42,3.86,58.12,30.82,3153.63,1.63,11.75
2019-11-29,7751.29,154.62,3.86,58.12,36.73,3140.98,1.61,12.62
2019-12-02,7315.09,149.09,3.94,55.97,34.97,3113.87,1.65,14.91
2019-12-03,7296.0,147.3,3.83,56.15,35.05,3093.2,1.63,15.96
2019-12-04,7185.57,145.43,3.88,58.46,32.21,3112.76,1.66,14.8
2019-12-05,7388.75,148.2,3.89,58.42,30.41,3117.43,1.67,14.52
2019-12-06,7560.76,149.0,3.91,59.2,30.02,3145.91,1.69,13.62
2019-12-09,7332.69,147.34,3.88,58.99,30.02,3135.96,1.69,15.86
2019-12-10,7215.69,145.55,3.86,59.22,27.94,3132.52,1.71,15.68
2019-12-11,7275.17,143.93,3.83,58.74,27.81,3141.63,1.69,14.99
2019-12-12,7194.19,144.82,3.92,59.18,27.44,3168.57,1.72,13.94
2019-12-13,7249.25,144.69,3.84,60.11,26.76,3168.8,1.7,12.63
2019-12-16,6877.04,132.39,3.89,60.21,26.51,3191.45,1.73,12.14
2019-12-17,6618.62,121.91,3.88,60.88,26.33,3192.52,1.75,12.29
2019-12-18,7309.12,133.49,3.9,60.93,26.77,3191.14,1.76,12.58
2019-12-19,7153.99,128.48,3.88,61.3,24.8,3205.37,1.77,12.5
2019-12-20,7189.87,128.37,3.88,60.43,25.54,3221.22,1.77,12.51
2019-12-23,7318.18,127.91,3.89,60.51,25.11,3224.01,1.75,12.61
2019-12-24,7259.87,127.64,3.87,61.17,25.46,3223.38,1.75,12.67
2019-12-26,7195.0,125.38,3.87,61.72,24.08,3239.91,1.74,12.65
2019-12-27,7247.35,126.11,3.84,61.76,25.16,3240.02,1.73,13.43
2019-12-30,7191.0,130.78,3.87,61.66,25.86,3221.29,1.75,14.82
2019-12-31,7158.01,128.41,3.9,61.14,28.3,3230.78,1.77,13.78
2020-01-02,6945.01,126.8,3.86,61.17,28.75,3257.85,1.8,12.47
2020-01-03,7335.54,134.2,3.79,63.0,31.92,3234.85,1.77,14.02
2020-01-06,7773.48,144.28,3.83,63.27,32.32,3246.28,1.75,13.85
2020-01-07,8169.95,143.13,3.86,62.7,31.8,3237.18,1.74,13.79
2020-01-08,8035.08,140.54,3.92,59.65,32.6,3253.05,1.75,13.45
2020-01-09,7813.78,137.74,3.88,59.56,33.22,3274.7,1.74,12.54
2020-01-10,8183.89,144.5,3.82,59.02,30.38,3265.35,1.76,12.56
2020-01-13,8109.62,143.51,3.84,58.17,34.25,3288.13,1.77,12.32
2020-01-14,8757.18,163.66,3.81,58.34,33.62,3283.15,1.77,12.39
2020-01-15,8831.86,166.56,3.8,57.86,33.38,3289.29,1.75,12.42
2020-01-16,8727.22,164.59,3.81,58.52,29.79,3316.81,1.74,12.32
2020-01-17,8875.81,169.28,3.82,58.55,28.6,3329.62,1.75,12.1
2020-01-21,8730.0,169.59,3.75,58.25,27.66,3320.79,1.74,12.85
2020-01-22,8665.0,167.71,3.74,56.76,30.7,3321.75,1.72,12.91
2020-01-23,8386.63,162.6,3.72,55.51,31.95,3325.54,1.7,12.98
2020-01-24,8424.96,162.35,3.68,54.09,34.55,3295.47,1.68,14.56
2020-01-27,8903.24,169.9,3.65,53.09,37.72,3243.63,1.63,18.23
2020-01-28,9417.64,176.23,3.69,53.33,36.42,3276.24,1.65,16.28
2020-01-29,9270.0,172.7,3.65,53.29,35.73,3273.4,1.64,16.39
2020-01-30,9493.61,184.73,3.65,52.19,37.49,3283.66,1.64,15.49
2020-01-31,9343.28,179.62,3.64,51.58,40.35,3225.52,1.65,18.84
2020-02-03,9282.29,189.4,3.64,50.06,41.81,3248.92,1.63,17.97
2020-02-04,9158.57,188.19,3.7,49.59,39.44,3297.59,1.64,16.05
2020-02-05,9623.44,204.04,3.73,50.87,37.88,3334.69,1.66,15.15
2020-02-06,9765.96,213.11,3.7,50.94,36.44,3345.78,1.67,14.96
2020-02-07,9804.98,223.22,3.64,50.34,37.51,3327.71,1.66,15.47
2020-02-10,9854.5,223.1,3.62,49.59,39.01,3352.09,1.66,15.04
2020-02-11,10279.99,238.39,3.64,50.0,37.52,3357.75,1.65,15.18
2020-02-12,10344.01,265.92,3.68,51.13,35.58,3379.45,1.66,13.74
2020-02-13,10239.57,268.89,3.66,51.41,35.84,3373.94,1.67,14.15
2020-02-14,10380.0,286.8,3.63,52.03,35.93,3380.16,1.66,13.68
2020-02-18,10191.51,282.98,3.6,52.1,33.47,3370.29,1.65,14.83
2020-02-19,9591.54,257.27,3.61,53.31,32.27,3386.15,1.65,14.38
2020-02-20,9610.05,257.37,3.57,53.77,33.16,3373.23,1.63,15.56
2020-02-21,9697.01,265.41,3.55,53.36,35.87,3337.75,1.61,17.08
2020-02-24,9668.08,265.99,3.51,51.36,39.53,3225.89,1.59,25.03
2020-02-25,9301.01,245.2,3.52,49.78,42.5,3128.21,1.53,27.85
2020-02-26,8776.01,222.53,3.53,48.67,43.4,3116.39,1.54,27.56
2020-02-27,8816.71,228.18,3.57,47.17,49.42,2978.76,1.53,39.16
2020-02-28,8713.16,227.64,3.51,44.83,51.25,2954.22,1.41,40.11
2020-03-02,8923.52,231.89,3.54,46.78,48.33,3090.23,1.41,33.42
2020-03-03,8769.67,223.77,3.5,47.27,50.8,3003.37,1.45,36.82
2020-03-04,8765.0,224.9,3.49,46.78,50.59,3130.12,1.46,31.99
2020-03-05,9053.56,228.21,3.44,45.9,52.58,3023.94,1.4,39.62
2020-03-06,9162.98,246.5,3.29,41.14,65.02,2972.37,1.31,41.94
2020-03-09,7945.03,203.59,3.47,31.05,115.92,2746.56,0.99,54.46
2020-03-10,7887.01,200.65,3.69,34.47,92.93,2882.23,1.0,47.3
2020-03-11,7957.02,195.13,3.81,33.13,105.25,2741.38,0.96,53.9
2020-03-12,4980.0,111.04,4.08,31.56,123.45,2480.64,0.92,75.47
2020-03-13,5592.77,134.69,4.24,31.72,118.48,2711.02,0.9,57.83
2020-03-16,5074.2,111.97,4.11,28.96,128.5,2386.13,0.73,82.69
2020-03-17,5361.77,116.59,4.51,26.96,133.32,2529.19,0.63,75.91
2020-03-18,5426.71,119.15,4.99,20.48,166.79,2398.1,0.63,76.45
2020-03-19,6219.99,137.43,5.13,25.09,164.06,2409.39,0.5,72.0
2020-03-20,6215.4,133.51,5.15,19.48,190.08,2304.92,0.75,66.04
2020-03-23,6583.38,137.28,5.07,23.33,185.68,2237.4,0.8,61.59
2020-03-24,6742.21,138.68,5.03,21.03,170.86,2447.33,0.97,61.67
2020-03-25,6752.83,137.1,5.01,20.75,144.03,2475.56,1.07,63.95
2020-03-26,6772.2,139.24,4.87,16.6,150.06,2630.07,1.07,61.0
2020-03-27,6320.46,130.07,4.7,15.48,175.88,2541.47,0.94,65.54
2020-03-30,6401.26,132.15,4.59,14.1,174.22,2626.65,0.95,57.08
2020-03-31,6434.73,133.29,4.63,20.51,170.55,2584.59,0.87,53.54
2020-04-01,6719.39,137.66,4.59,20.28,158.98,2470.5,0.91,57.06
2020-04-02,6789.84,141.07,4.55,25.18,162.65,2526.9,1.03,50.91
2020-04-03,6727.99,141.15,4.54,28.36,141.68,2488.65,1.08,46.8
2020-04-06,7320.07,171.01,4.58,26.21,144.19,2663.68,1.14,45.24
2020-04-07,7204.58,164.64,4.54,23.54,139.13,2659.41,1.17,46.7
2020-04-08,7343.65,172.75,4.52,24.97,141.46,2749.98,1.19,43.35
2020-04-09,7294.69,169.8,4.34,22.9,129.88,2789.82,1.23,41.67
2020-04-13,6871.0,157.36,4.17,22.36,114.44,2761.63,1.26,41.17
2020-04-14,6865.72,157.95,4.12,20.15,115.48,2846.06,1.29,37.76
2020-04-15,6576.76,151.38,3.96,19.96,120.38,2783.36,1.19,40.84
2020-04-16,7123.29,172.87,3.89,19.82,115.1,2799.55,1.03,40.11
2020-04-17,7055.22,171.85,3.92,18.31,95.91,2874.56,1.01,38.15
2020-04-20,6832.57,170.16,3.91,-36.98,226.13,2823.16,0.94,43.83
2020-04-21,6845.0,170.63,3.87,8.91,325.15,2736.56,0.96,45.41
2020-04-22,7143.99,183.3,3.93,13.64,236.8,2799.31,1.06,41.98
2020-04-23,7479.06,185.31,3.87,15.06,211.0,2797.8,1.05,41.38
2020-04-24,7514.64,187.55,3.85,15.99,173.53,2836.74,1.11,35.93
2020-04-27,7773.0,196.59,3.91,12.17,185.47,2878.48,1.17,33.29
2020-04-28,7774.39,197.49,3.87,12.4,198.77,2863.39,1.14,33.57
2020-04-29,8789.1,215.27,3.87,15.04,195.59,2939.51,1.14,31.23
2020-04-30,8652.3,206.88,3.87,19.23,104.98,2912.43,1.07,34.15
2020-05-01,8813.9,211.39,3.89,19.72,110.18,2830.71,1.06,37.19
2020-05-04,8900.29,207.22,3.92,20.47,97.42,2842.74,1.07,35.97
2020-05-05,9037.69,205.79,3.94,24.56,97.27,2868.44,1.1,33.61
2020-05-06,9132.24,198.29,4.03,23.88,115.39,2848.42,1.1,34.12
2020-05-07,10007.56,212.69,3.97,23.68,110.62,2881.19,1.08,31.44
2020-05-08,9790.23,211.65,4.06,24.73,98.7,2929.8,1.12,27.98
2020-05-11,8557.37,185.79,4.14,24.02,109.72,2930.32,1.13,27.57
2020-05-12,8809.14,189.56,4.09,25.76,86.86,2870.12,1.09,33.04
2020-05-13,9335.84,200.16,4.07,25.37,82.83,2820.0,1.07,35.28
2020-05-14,9815.22,203.86,4.04,27.4,80.05,2852.5,1.06,32.61
2020-05-15,9331.18,194.72,4.05,29.44,76.39,2863.7,1.09,31.89
2020-05-18,9733.21,214.89,4.11,31.83,76.14,2953.91,1.17,29.3
2020-05-19,9783.91,214.41,4.0,32.3,73.22,2922.94,1.15,30.53
2020-05-20,9497.76,209.71,3.92,33.56,73.62,2971.61,1.16,27.99
2020-05-21,9039.12,198.1,3.86,34.3,89.06,2948.51,1.14,29.53
2020-05-22,9173.23,207.59,3.84,33.49,84.98,2955.45,1.12,28.16
2020-05-26,8836.77,201.04,3.83,34.7,75.47,2991.77,1.13,28.01
2020-05-27,9200.0,208.16,3.79,32.8,73.89,3036.13,1.14,27.62
2020-05-28,9593.72,221.45,3.8,33.67,72.98,3029.73,1.18,28.59
2020-05-29,9426.87,220.98,3.73,35.57,69.23,3044.31,1.15,27.51
2020-06-01,10212.38,248.68,3.76,35.49,64.38,3055.73,1.18,28.23
2020-06-02,9509.35,237.36,3.76,36.88,64.71,3080.82,1.18,26.84
2020-06-03,9672.67,244.76,3.79,37.33,65.73,3122.87,1.21,25.66
2020-06-04,9799.57,243.23,3.81,37.42,65.13,3112.35,1.22,25.81
2020-06-05,9568.95,239.09,3.77,39.49,64.2,3193.93,1.27,24.52
2020-06-08,9833.94,247.76,3.69,38.17,67.24,3232.39,1.28,25.81
2020-06-09,9778.6,244.13,3.64,38.98,67.76,3207.18,1.26,27.57
2020-06-10,9899.18,248.41,3.61,39.54,63.06,3190.14,1.27,27.57
2020-06-11,9258.7,229.65,3.57,36.43,69.96,3002.1,1.21,40.79
2020-06-12,9466.77,237.75,3.62,36.24,70.22,3041.31,1.21,36.09
2020-06-15,9437.23,231.05,3.64,37.07,68.11,3066.59,1.23,34.4
2020-06-16,9534.8,235.54,3.64,38.26,66.63,3124.74,1.27,33.67
2020-06-17,9460.53,233.64,3.61,37.91,61.45,3113.49,1.26,33.47
2020-06-18,9368.15,230.85,3.57,38.79,61.35,3115.34,1.28,32.94
2020-06-19,9285.54,228.49,3.57,39.72,58.73,3097.74,1.3,35.12
2020-06-22,9700.91,243.67,3.57,40.6,56.76,3117.86,1.34,31.77
2020-06-23,9623.74,243.3,3.59,40.4,58.83,3131.29,1.38,31.37
2020-06-24,9284.1,234.58,3.58,37.91,64.96,3050.33,1.33,33.84
2020-06-25,9232.84,232.01,3.6,38.66,62.69,3083.76,1.33,32.22
2020-06-26,9157.22,229.53,3.56,38.53,63.69,3009.05,1.32,34.73
2020-06-29,9191.05,228.28,3.58,39.67,60.04,3053.24,1.34,31.78
2020-06-30,9129.47,225.24,3.59,39.27,57.66,3100.29,1.34,30.43
2020-07-01,9239.09,231.13,3.58,39.88,53.43,3115.86,1.37,28.62
2020-07-02,9088.54,226.39,3.55,40.57,51.29,3130.01,1.41,27.68
2020-07-06,9331.69,241.49,3.52,40.51,50.73,3179.72,1.45,27.94
2020-07-07,9263.56,239.68,3.46,40.59,51.39,3145.32,1.43,29.43
2020-07-08,9436.01,246.89,3.44,40.91,48.85,3169.94,1.42,28.08
2020-07-09,9230.48,242.09,3.35,39.64,53.77,3152.05,1.39,29.26
2020-07-10,9298.16,241.42,3.39,40.56,49.71,3185.04,1.41,27.29
2020-07-13,9230.14,239.21,3.38,40.06,53.41,3155.22,1.42,32.19
2020-07-14,9258.34,240.44,3.34,40.3,53.04,3197.52,1.41,29.52
2020-07-15,9194.51,238.36,3.35,41.2,47.05,3226.56,1.41,27.76
2020-07-16,9130.91,233.54,3.31,40.74,46.12,3215.57,1.41,28.0
2020-07-17,9147.65,232.59,3.32,40.55,40.22,3224.73,1.46,25.68
2020-07-20,9161.13,235.98,3.28,40.83,42.59,3251.84,1.46,24.46
2020-07-21,9396.65,245.76,3.24,41.76,41.1,3257.3,1.48,24.84
2020-07-22,9546.31,264.6,3.21,41.88,41.3,3276.02,1.48,24.32
2020-07-23,9612.05,275.25,3.17,40.99,43.83,3235.66,1.49,26.08
2020-07-24,9553.41,280.07,3.17,41.23,42.35,3215.63,1.51,25.84
2020-07-27,11108.44,323.98,3.18,41.46,41.37,3239.41,1.52,24.74
2020-07-28,10952.85,318.44,3.16,40.89,41.09,3218.44,1.51,25.44
2020-07-29,11100.39,317.82,3.19,41.13,39.58,3258.44,1.53,24.1
2020-07-30,11139.67,336.57,3.15,39.85,42.06,3246.22,1.52,24.76
2020-07-31,11372.76,347.25,3.15,40.1,44.43,3271.12,1.55,24.46
2020-08-03,11235.44,386.68,3.19,40.83,41.56,3294.61,1.58,24.28
2020-08-04,11198.04,390.23,3.14,41.67,40.28,3306.51,1.57,23.76
2020-08-05,11737.59,400.55,3.14,42.25,37.12,3327.77,1.61,22.99
2020-08-06,11766.62,394.95,3.12,41.93,37.59,3349.16,1.63,22.65
2020-08-07,11598.96,379.12,3.14,41.16,37.43,3351.28,1.61,22.21
2020-08-10,11896.19,396.0,3.15,41.94,35.74,3360.47,1.61,22.13
2020-08-11,11387.01,378.45,3.23,41.53,37.5,3333.69,1.63,24.03
2020-08-12,11563.16,386.66,3.24,42.6,34.74,3380.35,1.67,22.28
2020-08-13,11824.99,426.65,3.3,42.26,34.87,3373.43,1.67,22.13
2020-08-14,11785.29,439.26,3.32,42.05,35.1,3372.85,1.65,22.05
2020-08-17,12325.1,431.42,3.33,42.89,32.43,3381.99,1.66,21.35
2020-08-18,11983.52,423.95,3.31,42.89,31.7,3389.78,1.68,21.51
2020-08-19,11764.8,408.66,3.33,42.91,32.85,3374.85,1.67,22.54
2020-08-20,11856.24,416.19,3.3,42.62,32.83,3385.51,1.62,22.72
2020-08-21,11526.32,387.76,3.28,42.32,33.68,3397.16,1.64,22.54
2020-08-24,11762.34,408.47,3.28,42.44,32.25,3431.28,1.67,22.37
2020-08-25,11324.86,382.77,3.32,43.17,33.03,3443.62,1.7,22.03
2020-08-26,11460.01,386.34,3.35,43.21,33.79,3478.73,1.72,23.27
2020-08-27,11341.73,383.56,3.45,42.88,33.74,3484.55,1.73,24.47
2020-08-28,11540.0,395.57,3.45,42.96,32.06,3508.01,1.77,22.96
2020-08-31,11665.93,434.79,3.39,42.61,32.59,3500.31,1.8,26.41
2020-09-01,11911.74,476.15,3.35,42.76,31.74,3526.65,1.76,26.12
2020-09-02,11390.12,439.59,3.3,42.76,35.49,3580.84,1.73,26.57
2020-09-03,10225.82,383.38,3.27,41.39,41.28,3455.06,1.65,33.6
2020-09-08,10123.21,336.67,3.36,36.87,55.9,3331.84,1.68,31.46
2020-09-09,10235.0,351.45,3.4,38.05,49.42,3398.96,1.71,28.81
2020-09-10,10345.95,368.4,3.37,37.25,52.16,3339.19,1.69,29.71
2020-09-11,10399.99,374.02,3.36,37.33,50.13,3340.97,1.65,26.87
2020-09-14,10679.33,377.3,3.34,37.23,49.41,3383.54,1.65,25.85
2020-09-15,10789.8,364.62,3.36,38.29,45.19,3401.2,1.67,25.59
2020-09-16,10953.38,364.78,3.36,40.17,41.13,3385.49,1.68,26.04
2020-09-17,10947.83,389.18,3.34,40.99,38.73,3357.01,1.66,26.46
2020-09-18,10942.2,384.43,3.36,41.09,39.07,3319.47,1.67,25.83
2020-09-21,10425.85,340.8,3.34,39.26,42.89,3281.06,1.62,27.78
2020-09-22,10529.01,343.96,3.34,39.55,41.28,3315.57,1.62,26.86
2020-09-23,10230.11,320.03,3.36,39.92,44.64,3236.92,1.6,28.58
2020-09-24,10741.0,349.09,3.37,40.11,42.88,3246.59,1.58,28.51
2020-09-25,10693.3,352.53,3.4,40.06,41.41,3298.46,1.58,26.38
2020-09-28,10681.01,352.77,3.43,40.47,40.64,3351.6,1.61,26.19
2020-09-29,10845.9,360.03,3.4,39.03,46.13,3335.47,1.64,26.27
2020-09-30,10783.24,360.51,3.44,40.05,44.0,3363.0,1.63,26.37
2020-10-01,10598.64,351.72,3.43,38.51,49.35,3380.8,1.63,26.7
2020-10-02,10577.92,345.78,3.46,36.9,55.51,3348.44,1.64,27.63
2020-10-05,10800.0,355.08,3.52,39.12,49.44,3408.63,1.68,27.96
2020-10-06,10594.15,340.58,3.46,40.52,46.6,3360.95,1.66,29.48
2020-10-07,10671.23,342.15,3.5,39.82,45.5,3419.45,1.71,28.06
2020-10-08,10926.71,350.49,3.46,41.04,41.15,3446.83,1.72,26.36
2020-10-09,11059.3,365.23,3.46,40.44,42.38,3477.13,1.73,25.0
2020-10-13,11434.36,381.34,3.39,40.03,46.07,3511.93,1.7,26.07
2020-10-14,11426.87,378.99,3.37,40.86,43.53,3488.67,1.69,26.4
2020-10-15,11509.25,377.94,3.39,40.84,43.83,3483.34,1.69,26.97
2020-10-16,11329.33,365.74,3.4,40.7,44.06,3483.81,1.71,27.41
2020-10-19,11765.09,379.65,3.39,40.69,43.35,3426.92,1.71,29.18
2020-10-20,11917.34,368.81,3.45,41.37,43.85,3443.12,1.72,29.35
2020-10-21,12836.37,392.21,3.46,39.88,47.58,3435.56,1.74,28.65
2020-10-22,12977.02,414.34,3.48,40.46,46.61,3453.49,1.76,28.11
2020-10-23,12943.03,409.85,3.45,39.73,46.32,3465.39,1.75,27.55
2020-10-26,13072.95,393.6,3.41,38.39,53.05,3400.97,1.72,32.46
2020-10-27,13698.18,404.55,3.39,39.34,50.22,3390.68,1.71,33.35
2020-10-28,13280.0,388.83,3.41,37.27,59.61,3271.03,1.7,40.28
2020-10-29,13460.0,387.63,3.46,35.94,63.38,3310.11,1.71,37.59
2020-10-30,13582.97,382.66,3.49,35.64,68.84,3269.96,1.7,38.02
2020-11-02,13573.93,383.22,3.47,36.6,66.73,3310.24,1.71,37.13
2020-11-03,14050.59,388.63,3.48,37.44,63.63,3369.16,1.72,35.55
2020-11-04,14160.0,403.99,3.36,38.97,54.53,3443.44,1.64,29.57
2020-11-05,15636.6,418.16,3.31,38.56,53.69,3510.45,1.66,27.58
2020-11-06,15596.33,456.15,3.34,36.97,55.75,3509.44,1.65,24.86
2020-11-09,15334.37,444.07,3.43,40.05,52.2,3550.5,1.73,25.75
2020-11-10,15325.25,451.22,3.42,41.18,49.64,3545.53,1.76,24.8
2020-11-12,16319.72,463.22,3.33,40.9,50.9,3537.01,1.71,25.35
2020-11-13,16339.59,478.0,3.33,39.93,48.24,3585.15,1.72,23.1
2020-11-16,16714.58,460.51,3.33,41.14,46.89,3626.91,1.72,22.45
2020-11-17,17660.9,482.53,3.29,41.24,45.08,3609.53,1.7,22.71
2020-11-18,17802.82,480.45,3.27,41.64,46.06,3567.79,1.7,23.84
2020-11-19,17804.44,471.97,3.21,41.57,46.34,3581.87,1.7,23.11
2020-11-20,18702.87,510.7,3.18,41.99,43.94,3557.54,1.69,23.7
2020-11-23,18391.21,609.76,3.19,42.91,42.79,3577.59,1.71,22.66
2020-11-24,19185.07,605.66,3.19,44.71,42.84,3635.41,1.74,21.64
2020-11-25,18706.15,567.07,3.2,45.58,43.56,3629.65,1.75,21.25
2020-11-30,19727.0,616.36,3.13,45.2,47.37,3621.63,1.77,20.57
2020-12-01,18763.35,585.07,3.2,44.54,47.81,3662.45,1.81,20.77
2020-12-02,19245.61,597.47,3.19,45.23,45.68,3669.01,1.85,21.17
2020-12-03,19430.07,615.29,3.15,45.65,40.95,3666.72,1.86,21.28
2020-12-04,18692.32,568.64,3.2,46.23,38.34,3699.12,1.89,20.79
2020-12-07,19202.88,590.92,3.16,45.72,37.68,3691.96,1.88,21.3
2020-12-08,18311.76,554.79,3.14,45.64,37.7,3702.25,1.89,20.68
2020-12-09,18550.01,574.49,3.19,45.48,39.52,3672.82,1.91,22.27
2020-12-10,18286.8,559.93,3.14,46.76,39.7,3668.1,1.88,22.52
2020-12-11,18048.14,544.55,3.13,46.59,39.51,3663.46,1.87,23.31
2020-12-14,19288.43,586.83,3.14,47.02,39.96,3647.49,1.88,24.72
2020-12-15,19451.34,589.23,3.18,47.58,39.34,3694.62,1.91,22.89
2020-12-16,21384.63,638.58,3.17,47.86,38.68,3701.17,1.92,22.5
2020-12-17,22830.34,643.96,3.17,48.34,36.86,3722.48,1.94,21.93
2020-12-18,23169.26,655.27,3.19,49.04,37.15,3709.41,1.95,21.57
2020-12-21,22777.26,609.17,3.18,47.79,41.56,3694.92,1.95,25.16
2020-12-22,23839.99,638.18,3.15,47.02,42.06,3687.26,1.94,24.23
2020-12-23,23196.57,583.42,3.2,47.94,39.89,3690.01,1.97,23.31
2020-12-24,23740.01,613.16,3.17,48.18,39.41,3703.06,1.97,21.53
2020-12-28,27044.14,731.48,3.16,47.5,39.67,3735.36,1.97,21.7
2020-12-29,27407.85,734.81,3.16,47.85,38.64,3727.04,1.96,23.08
2020-12-30,28934.56,754.45,3.13,48.24,38.01,3732.04,1.96,22.77
2020-12-31,29026.97,738.9,3.11,48.35,37.83,3756.07,1.99,22.75
2021-01-04,32127.31,1050.0,3.12,47.47,42.12,3700.65,2.01,26.97
2021-01-05,34131.23,1111.0,3.19,49.78,40.39,3726.86,2.03,25.34
2021-01-06,36979.81,1219.0,3.31,50.45,39.31,3748.14,2.06,25.07
2021-01-07,39573.39,1231.4,3.31,50.63,36.06,3803.79,2.09,22.37
2021-01-08,40666.72,1223.44,3.32,52.14,36.65,3824.68,2.06,21.56
2021-01-11,35474.31,1089.91,3.3,52.15,35.31,3799.61,2.06,24.08
2021-01-12,33968.43,1045.38,3.31,53.08,33.85,3801.19,2.08,23.33
2021-01-13,37520.66,1134.36,3.23,52.81,36.79,3809.84,2.06,22.21
2021-01-14,39171.12,1235.68,3.27,53.47,37.95,3795.54,2.09,23.25
2021-01-15,36868.39,1173.82,3.24,52.25,40.39,3768.25,2.1,24.34
2021-01-19,35673.03,1358.33,3.21,52.87,35.37,3798.91,2.1,23.24
2021-01-20,35570.44,1383.19,3.21,53.16,35.67,3851.85,2.12,21.58
2021-01-21,30647.26,1110.0,3.24,53.0,35.05,3853.07,2.1,21.32
2021-01-22,32885.51,1228.87,3.24,52.28,36.25,3841.47,2.09,21.91
2021-01-25,31979.0,1310.0,3.2,52.78,38.02,3855.36,2.08,23.19
2021-01-26,32579.82,1373.71,3.21,52.61,37.13,3849.62,2.08,23.02
2021-01-27,30552.06,1246.09,3.2,52.81,40.21,3750.77,2.08,37.21
2021-01-28,33484.8,1332.34,3.24,52.26,40.45,3787.38,2.13,30.21
2021-01-29,34330.14,1383.59,3.28,52.16,40.2,3714.24,2.13,33.09
2021-02-01,33457.6,1376.22,3.28,53.55,39.16,3773.86,2.11,30.24
2021-02-02,35511.07,1517.58,3.3,54.77,38.62,3826.31,2.15,25.56
2021-02-03,37769.41,1673.0,3.32,55.67,37.11,3830.17,2.19,22.91
2021-02-04,37070.87,1606.46,3.34,56.19,35.37,3871.74,2.17,21.77
2021-02-05,38376.86,1724.16,3.37,56.8,34.94,3886.83,2.21,20.87
2021-02-08,46674.44,1758.15,3.33,57.95,34.48,3915.59,2.22,21.24
2021-02-09,46595.44,1777.0,3.33,58.34,33.54,3911.23,2.22,21.63
2021-02-10,44887.29,1744.45,3.31,58.69,33.77,3909.88,2.21,21.99
2021-02-11,48121.0,1791.03,3.34,58.22,34.33,3916.38,2.2,21.25
2021-02-12,47524.18,1851.51,3.39,59.5,34.25,3934.83,2.21,19.97
2021-02-16,49257.23,1785.58,3.45,60.07,35.13,3932.59,2.24,21.46
2021-02-17,52269.84,1854.43,3.42,61.09,36.9,3931.33,2.21,21.5
2021-02-18,51644.16,1942.91,3.42,60.4,37.9,3913.97,2.16,22.49
2021-02-19,56029.51,1960.51,3.48,59.12,37.76,3906.71,2.14,22.05
2021-02-22,54130.33,1779.68,3.53,61.67,38.57,3876.5,2.16,23.45
2021-02-23,48972.11,1580.08,3.57,61.66,39.75,3881.37,2.16,23.11
2021-02-24,49789.99,1629.92,3.6,63.21,39.58,3925.43,2.17,21.34
2021-02-25,46927.73,1483.45,3.66,63.43,40.58,3829.34,2.14,28.89
2021-02-26,46360.17,1446.19,3.56,61.55,42.49,3811.15,2.15,27.95
2021-03-01,49652.19,1572.9,3.58,60.54,42.56,3901.82,2.16,23.35
2021-03-02,48368.22,1485.04,3.57,59.7,40.96,3870.29,2.2,24.1
2021-03-03,50164.67,1563.62,3.61,61.33,39.83,3819.72,2.21,26.67
2021-03-04,48327.39,1540.86,3.67,63.81,37.27,3768.47,2.2,28.57
2021-03-05,48908.09,1534.82,3.69,66.08,36.61,3841.94,2.22,24.66
2021-03-08,52472.59,1839.01,3.73,65.03,38.89,3821.35,2.21,25.47
2021-03-09,54999.99,1876.53,3.71,64.02,37.97,3875.44,2.21,24.03
2021-03-10,56046.27,1795.8,3.7,64.45,37.56,3898.81,2.26,22.56
2021-03-11,57911.02,1831.75,3.72,66.02,37.86,3939.34,2.28,21.91
2021-03-12,57174.89,1765.73,3.83,65.59,37.51,3943.34,2.26,20.69
2021-03-15,55430.19,1791.69,3.8,65.36,39.38,3968.94,2.27,20.03
2021-03-16,57126.52,1812.0,3.81,64.82,39.1,3962.71,2.3,19.79
2021-03-17,59221.23,1829.11,3.86,64.55,37.4,3974.12,2.3,19.23
2021-03-18,57562.46,1774.05,3.88,59.95,48.44,3915.46,2.27,21.58
2021-03-19,58001.29,1808.86,3.84,61.43,44.38,3913.1,2.31,20.95
2021-03-22,54230.21,1683.33,3.77,61.48,40.28,3940.59,2.33,18.88
2021-03-23,54268.81,1665.5,3.74,57.75,48.62,3910.52,2.29,20.3
2021-03-24,52294.65,1580.49,3.72,61.12,64.91,3889.14,2.31,21.2
2021-03-25,51386.2,1590.44,3.74,58.47,49.88,3909.52,2.32,19.81
2021-03-26,55314.11,1708.04,3.76,60.93,44.93,3974.54,2.34,18.86
2021-03-29,57630.72,1822.18,3.81,61.49,44.16,3971.09,2.36,20.74
2021-03-30,58800.0,1843.23,3.77,60.55,41.46,3958.55,2.35,19.61
2021-03-31,58837.71,1931.27,3.77,59.19,45.65,3972.89,2.37,19.4
2021-04-01,58768.84,1967.8,3.67,61.41,40.15,4019.87,2.35,17.33
2021-04-05,59200.0,2114.0,3.66,58.73,42.0,4077.91,2.35,17.91
2021-04-06,58018.31,2114.08,3.62,59.34,42.41,4073.94,2.32,18.12
2021-04-07,55962.11,1967.5,3.64,59.77,41.27,4079.95,2.34,17.16
2021-04-08,58108.65,2078.71,3.62,59.61,40.7,4097.17,2.33,16.95
2021-04-09,58126.14,2066.74,3.63,59.29,39.19,4128.8,2.31,16.69
2021-04-12,59903.04,2143.02,3.64,59.7,37.04,4127.99,2.33,16.91
2021-04-13,63660.94,2302.16,3.61,60.2,35.2,4141.59,2.33,16.65
2021-04-14,63283.43,2441.82,3.62,63.15,35.7,4124.66,2.33,16.99
2021-04-15,63346.93,2523.57,3.51,63.42,34.2,4170.42,2.33,16.57
2021-04-16,61486.08,2435.91,3.56,63.16,32.79,4185.47,2.36,16.25
2021-04-19,55797.39,2174.98,3.6,63.33,35.07,4163.26,2.34,17.29
2021-04-20,56514.9,2340.3,3.58,62.61,35.68,4134.94,2.32,18.68
2021-04-21,53919.48,2366.63,3.58,61.34,42.44,4173.42,2.33,17.5
2021-04-22,51653.27,2400.67,3.56,61.45,39.39,4134.98,2.33,18.71
2021-04-23,51231.69,2369.2,3.57,62.18,38.7,4180.17,2.34,17.33
2021-04-26,53969.71,2534.84,3.56,62.02,41.23,4187.62,2.36,17.64
2021-04-27,55120.81,2671.82,3.6,63.03,38.44,4186.72,2.39,17.56
2021-04-28,54964.11,2750.99,3.61,63.81,36.42,4183.18,2.41,17.28
2021-04-29,53562.87,2759.45,3.62,65.0,36.37,4211.47,2.42,17.61
2021-04-30,57640.17,2774.28,3.61,63.5,38.39,4181.17,2.41,18.61
2021-05-03,57213.29,3443.2,3.59,64.46,40.15,4192.66,2.42,18.31
2021-05-04,53128.68,3234.14,3.58,65.72,37.15,4164.66,2.42,19.48
2021-05-05,57518.01,3530.78,3.57,65.63,38.33,4167.59,2.47,19.15
2021-05-06,56485.77,3498.91,3.54,64.73,37.74,4201.62,2.45,18.39
2021-05-07,57373.88,3484.32,3.57,64.96,37.63,4232.6,2.49,16.69
2021-05-10,55936.77,3946.96,3.61,64.92,37.99,4188.43,2.54,19.66
2021-05-11,56719.0,4172.5,3.65,65.31,37.93,4152.1,2.53,21.84
2021-05-12,49095.57,3800.24,3.71,65.96,36.94,4063.04,2.54,27.59
2021-05-13,49635.45,3708.95,3.7,63.82,37.94,4112.5,2.51,23.13
2021-05-14,49923.92,4075.0,3.66,65.32,36.46,4173.85,2.51,18.81
2021-05-17,43768.74,3303.64,3.66,66.24,36.42,4163.29,2.54,19.72
2021-05-18,42989.8,3384.53,3.67,65.49,37.01,4127.83,2.52,21.34
2021-05-19,37236.61,2498.21,3.7,63.28,38.82,4115.68,2.48,22.18
2021-05-20,40749.78,2781.18,3.65,61.95,39.43,4159.12,2.41,20.67
2021-05-21,37425.0,2441.27,3.64,63.61,39.34,4155.86,2.43,20.15
2021-05-24,38725.06,2635.6,3.61,66.13,35.54,4197.05,2.44,18.4
2021-05-25,38370.0,2719.56,3.57,66.27,36.23,4188.13,2.42,18.84
2021-05-26,39213.41,2883.3,3.56,66.41,33.89,4195.99,2.4,17.36
2021-05-27,38368.17,2736.07,3.59,66.87,33.63,4200.88,2.42,16.74
2021-05-28,35770.0,2408.55,3.57,66.31,33.54,4204.11,2.42,16.76
2021-06-01,36764.58,2642.8,3.59,67.8,33.43,4202.04,2.46,17.9
2021-06-02,37501.36,2697.54,3.57,68.79,32.77,4208.12,2.44,17.48
2021-06-03,39215.09,2852.47,3.59,68.81,33.89,4192.85,2.42,18.04
2021-06-04,36895.48,2700.28,3.54,69.57,31.76,4229.89,2.4,16.42
2021-06-07,33816.09,2607.99,3.55,69.21,31.7,4226.52,2.39,16.42
2021-06-08,33432.26,2517.31,3.51,70.11,31.95,4227.26,2.36,17.07
2021-06-09,37357.02,2605.45,3.46,69.9,31.79,4219.55,2.32,17.89
2021-06-10,36717.51,2471.75,3.45,70.34,33.03,4239.18,2.35,16.1
2021-06-11,37282.15,2352.62,3.44,71.0,32.55,4247.44,2.32,15.65
2021-06-14,40496.92,2583.31,3.47,70.94,33.13,4255.15,2.36,16.39
2021-06-15,40093.93,2540.95,3.47,72.06,31.56,4246.59,2.38,17.02
2021-06-16,38394.4,2371.48,3.48,72.03,33.83,4223.7,2.32,18.15
2021-06-17,38027.63,2369.15,3.36,71.06,36.84,4221.86,2.27,17.75
2021-06-18,35777.39,2232.12,3.3,71.64,33.95,4166.45,2.24,20.7
2021-06-21,31686.69,1893.57,3.38,73.64,35.01,4224.79,2.25,17.89
2021-06-22,32508.26,1880.01,3.38,73.15,34.28,4246.44,2.31,16.66
2021-06-23,33688.35,1967.68,3.39,73.11,34.68,4241.84,2.34,16.32
2021-06-24,34695.34,1992.53,3.37,73.31,32.05,4266.49,2.3,15.97
2021-06-25,31704.87,1816.76,3.44,74.21,31.3,4280.7,2.34,15.62
2021-06-28,34541.8,2086.88,3.37,72.98,31.86,4290.61,2.33,15.76
2021-06-29,35928.75,2166.79,3.36,73.14,31.99,4291.8,2.32,16.02
2021-06-30,34995.83,2271.51,3.32,73.52,32.74,4297.5,2.32,15.83
2021-07-01,33538.49,2109.49,3.34,75.33,32.47,4319.94,2.35,15.48
2021-07-02,33832.49,2159.59,3.31,75.37,32.87,4352.34,2.33,15.07
2021-07-06,34193.9,2318.88,3.27,73.62,37.59,4343.54,2.31,16.44
2021-07-07,33791.0,2312.0,3.22,72.22,42.01,4358.13,2.28,16.2
2021-07-08,32878.23,2120.0,3.21,72.98,38.8,4320.82,2.22,19.0
2021-07-09,33766.87,2144.22,3.28,74.56,37.02,4369.55,2.28,16.18
2021-07-12,33096.86,2031.89,3.29,74.21,38.73,4384.63,2.33,16.17
2021-07-13,32768.54,1942.31,3.33,75.24,35.4,4369.21,2.36,17.12
2021-07-14,32817.18,1994.55,3.28,73.06,38.2,4374.3,2.34,16.33
2021-07-15,31891.09,1922.22,3.23,71.67,38.04,4360.03,2.32,17.01
2021-07-16,31408.78,1877.15,3.24,71.76,37.15,4327.16,2.33,18.45
2021-07-19,30849.9,1819.01,3.16,66.45,46.36,4258.49,2.24,22.5
2021-07-20,29788.61,1787.57,3.21,67.32,52.26,4323.06,2.26,19.73
2021-07-21,32086.04,1993.44,3.26,70.26,42.91,4358.69,2.28,17.91
2021-07-22,32327.95,2027.56,3.22,72.15,36.44,4367.48,2.28,17.69
2021-07-23,33700.0,2125.21,3.23,72.24,34.05,4411.79,2.35,17.2
2021-07-26,37269.12,2230.62,3.23,72.15,35.59,4422.3,2.4,17.58
2021-07-27,39381.82,2295.42,3.2,71.68,35.14,4401.46,2.38,19.36
2021-07-28,40031.56,2300.69,3.22,72.37,34.62,4400.64,2.41,18.31
2021-07-29,40024.94,2386.87,3.22,73.62,33.36,4419.15,2.43,17.7
2021-07-30,42188.95,2455.93,3.19,73.93,32.85,4395.26,2.4,18.24
2021-08-02,39146.69,2604.15,3.15,71.31,36.23,4387.16,2.37,19.46
2021-08-03,38207.27,2512.23,3.16,70.64,37.55,4423.15,2.38,18.04
2021-08-04,39730.0,2727.9,3.15,68.19,42.27,4402.66,2.35,17.97
2021-08-05,40893.75,2828.09,3.18,69.1,39.09,4429.1,2.33,17.28
2021-08-06,42827.76,2887.26,3.25,68.26,39.31,4436.52,2.37,16.15
2021-08-09,46208.5,3157.59,3.28,66.56,43.28,4432.35,2.37,16.72
2021-08-10,45565.76,3142.57,3.31,68.33,39.28,4436.75,2.4,16.79
2021-08-11,45482.95,3154.69,3.34,69.3,38.32,4447.7,2.42,16.06
2021-08-12,44454.37,3048.33,3.35,69.12,36.5,4460.83,2.41,15.59
2021-08-13,47765.41,3319.61,3.27,68.36,35.91,4468.0,2.37,15.45
2021-08-16,45930.71,3146.98,3.23,67.44,38.84,4479.71,2.36,16.12
2021-08-17,44718.51,3017.66,3.24,66.5,39.5,4448.08,2.33,17.91
2021-08-18,44735.2,3019.48,3.24,65.36,40.86,4400.27,2.32,21.57
2021-08-19,46736.74,3184.22,3.22,63.69,40.98,4405.8,2.28,21.67
2021-08-20,49350.99,3282.72,3.22,62.25,40.67,4441.67,2.27,18.56
2021-08-23,49464.66,3325.85,3.22,65.65,38.67,4479.53,2.27,17.15
2021-08-24,47770.4,3178.5,3.24,67.5,36.79,4486.23,2.3,17.22
2021-08-25,48985.05,3227.18,3.28,68.54,35.6,4496.19,2.35,16.79
2021-08-26,46770.6,3083.02,3.26,67.42,36.33,4470.0,2.33,18.84
2021-08-27,49082.04,3275.77,3.23,68.84,34.93,4509.37,2.39,16.39
2021-08-30,46924.16,3222.83,3.21,69.28,35.27,4528.79,2.37,16.19
2021-08-31,47065.73,3418.48,3.24,68.43,34.28,4522.68,2.33,16.48
2021-09-01,48889.19,3825.37,3.23,68.63,36.13,4524.09,2.34,16.11
2021-09-02,49273.33,3791.12,3.21,70.07,31.35,4536.95,2.32,16.41
2021-09-03,49919.31,3934.62,3.24,69.34,36.91,4535.43,2.34,16.41
2021-09-07,46943.82,3447.17,3.29,68.49,32.91,4520.03,2.36,18.14
2021-09-08,46022.48,3497.79,3.26,69.36,31.91,4514.07,2.38,17.96
2021-09-09,46414.58,3426.51,3.2,68.26,33.87,4493.28,2.38,18.8
2021-09-10,44897.75,3213.69,3.23,69.82,33.54,4458.58,2.4,20.95
2021-09-13,44969.02,3285.98,3.2,70.54,32.74,4468.73,2.37,19.37
2021-09-14,47096.48,3438.91,3.15,70.53,33.63,4443.05,2.33,19.46
2021-09-15,48106.71,3614.91,3.16,72.59,32.38,4480.7,2.35,18.18
2021-09-16,47772.7,3569.98,3.18,72.69,33.16,4473.75,2.35,18.69
2021-09-17,47337.8,3401.91,3.2,72.09,32.32,4432.99,2.33,20.81
2021-09-20,42991.14,2972.12,3.15,70.41,35.23,4357.73,2.29,25.71
2021-09-21,40656.13,2760.37,3.16,70.51,34.45,4354.19,2.29,24.36
2021-09-22,43544.09,3074.42,3.15,72.37,32.43,4395.64,2.28,20.87
2021-09-23,44892.71,3154.94,3.22,73.43,32.3,4448.98,2.31,18.63
2021-09-24,42816.65,2928.07,3.27,74.18,34.01,4455.48,2.34,17.75
2021-09-27,42214.52,2924.28,3.26,75.54,34.98,4443.11,2.35,18.76
2021-09-28,41006.19,2807.41,3.34,75.44,36.1,4352.63,2.38,23.25
2021-09-29,41522.49,2848.92,3.36,75.06,35.26,4359.46,2.37,22.56
2021-09-30,43834.03,2999.89,3.37,75.22,38.68,4307.54,2.37,23.14
2021-10-01,48145.34,3311.46,3.33,76.01,37.38,4357.04,2.38,21.15
2021-10-04,49248.68,3385.32,3.34,77.68,37.27,4300.46,2.38,22.96
2021-10-05,51441.74,3515.66,3.38,79.17,37.2,4345.72,2.45,21.3
2021-10-06,55278.64,3573.84,3.37,77.66,41.02,4363.55,2.43,21.0
2021-10-07,53844.74,3591.7,3.43,78.46,46.15,4399.76,2.46,19.54
2021-10-08,53983.21,3563.27,3.45,79.55,38.0,4391.34,2.5,18.77
2021-10-12,56019.29,3490.47,3.41,80.75,37.1,4350.65,2.49,19.85
2021-10-13,57372.59,3610.86,3.35,80.67,36.05,4363.8,2.52,18.64
2021-10-14,57327.09,3792.2,3.33,81.43,36.98,4438.26,2.52,16.86
2021-10-15,61682.48,3868.72,3.35,82.39,34.05,4471.37,2.56,16.3
2021-10-18,62036.95,3748.31,3.31,82.62,35.02,4486.46,2.54,16.31
2021-10-19,64353.53,3887.87,3.37,83.19,35.14,4519.63,2.54,15.7
2021-10-20,66005.17,4161.88,3.4,84.4,35.16,4536.19,2.57,15.49
2021-10-21,62152.09,4054.46,3.42,82.64,36.55,4549.78,2.64,15.01
2021-10-22,60671.75,3971.27,3.38,84.53,36.87,4544.9,2.64,15.43
2021-10-25,63102.83,4223.76,3.37,84.64,36.07,4566.48,2.66,15.24
2021-10-26,60341.21,4132.98,3.34,85.64,35.5,4574.79,2.69,15.98
2021-10-27,58517.61,3932.68,3.23,82.66,37.63,4551.68,2.65,16.98
2021-10-28,60577.62,4289.52,3.26,82.78,37.23,4596.42,2.57,16.53
2021-10-29,62316.4,4426.66,3.24,83.5,37.92,4605.38,2.51,16.26
2021-11-01,60950.0,4324.21,3.27,84.08,36.74,4613.67,2.5,16.41
2021-11-02,63357.2,4598.0,3.27,83.91,35.56,4630.65,2.51,16.03
2021-11-03,62944.4,4605.6,3.3,80.82,39.44,4660.57,2.53,15.1
2021-11-04,61499.24,4538.27,3.26,78.88,38.56,4680.06,2.56,15.44
2021-11-05,61000.01,4475.88,3.18,81.25,37.84,4697.53,2.54,16.48
2021-11-08,67510.06,4805.95,3.18,81.96,37.71,4701.7,2.62,17.22
2021-11-09,66967.98,4734.07,3.13,84.12,36.33,4685.25,2.63,17.78
2021-11-10,64896.86,4627.14,3.22,81.23,37.09,4646.71,2.7,18.73
2021-11-12,64158.51,4668.34,3.27,80.87,36.1,4682.85,2.73,16.29
2021-11-15,63441.68,4555.68,3.33,80.85,36.42,4682.8,2.76,16.49
2021-11-16,60147.32,4214.97,3.35,80.76,34.69,4700.9,2.73,16.37
2021-11-17,60314.28,4289.42,3.34,78.32,33.75,4688.67,2.7,17.11
2021-11-18,57017.38,4009.87,3.32,78.92,37.68,4704.54,2.73,17.59
2021-11-19,58187.85,4303.6,3.27,76.11,37.13,4697.96,2.65,17.91
2021-11-22,56254.57,4082.89,3.34,76.74,36.61,4682.94,2.61,19.17
2021-11-23,57599.99,4342.22,3.4,78.32,35.1,4690.7,2.62,19.38
2021-11-24,57255.24,4274.4,3.36,78.32,34.79,4701.46,2.61,18.58
2021-11-29,57828.33,4449.06,3.33,69.88,63.34,4655.27,2.54,22.96
2021-11-30,56879.47,4622.21,3.24,66.14,75.23,4567.0,2.5,27.19
2021-12-01,57228.47,4589.23,3.24,65.44,78.18,4513.04,2.44,31.12
2021-12-02,56566.29,4518.77,3.24,66.6,57.27,4577.1,2.47,27.95
2021-12-03,53681.96,4209.81,3.16,66.39,64.55,4538.43,2.43,30.67
2021-12-06,50588.91,4360.9,3.22,69.62,56.21,4591.67,2.44,27.18
2021-12-07,50676.09,4317.13,3.23,71.94,48.15,4686.75,2.47,21.89
2021-12-08,50531.51,4443.0,3.31,72.43,45.22,4701.21,2.52,19.9
2021-12-09,47639.07,4120.72,3.3,70.87,47.43,4667.45,2.47,21.58
2021-12-10,47268.48,3906.03,3.31,71.71,46.23,4712.02,2.44,18.69
2021-12-13,46639.86,3778.54,3.24,71.19,45.88,4668.97,2.4,20.31
2021-12-14,48343.16,3858.81,3.26,70.57,54.76,4634.09,2.37,21.89
2021-12-15,48885.97,4027.77,3.3,70.89,56.53,4709.85,2.39,19.29
2021-12-16,47605.48,3957.69,3.31,72.34,49.97,4668.67,2.42,20.57
2021-12-17,46240.15,3884.87,3.28,70.93,48.31,4620.64,2.38,21.57
2021-12-20,46963.71,3960.9,3.32,68.69,60.24,4568.02,2.39,22.87
2021-12-21,48954.47,4021.41,3.36,71.1,52.31,4649.23,2.44,21.01
2021-12-22,48646.94,3986.37,3.32,72.82,46.0,4696.56,2.47,18.63
2021-12-23,50840.46,4114.83,3.36,73.89,43.71,4725.79,2.47,17.96
2021-12-27,50663.26,4031.49,3.34,75.49,43.58,4791.19,2.5,17.68
2021-12-28,47594.55,3797.94,3.35,76.01,41.23,4786.35,2.5,17.54
2021-12-29,46518.8,3636.97,3.4,76.58,40.24,4793.06,2.53,16.95
2021-12-30,47097.85,3706.97,3.37,76.83,40.2,4778.73,2.58,17.33
2022-01-03,46519.76,3772.86,3.45,75.99,37.57,4796.56,2.6,16.6
2022-01-04,45889.4,3787.96,3.5,77.0,39.48,4793.54,2.57,16.91
2022-01-05,43422.85,3535.85,3.51,77.83,44.49,4700.58,2.53,19.73
2022-01-06,43133.33,3414.52,3.51,79.47,36.86,4696.05,2.46,19.61
2022-01-07,41656.16,3205.81,3.54,79.0,37.0,4677.03,2.48,18.76
2022-01-10,41872.47,3086.95,3.54,78.11,37.65,4670.29,2.48,19.4
2022-01-11,42771.24,3245.06,3.51,81.17,34.31,4713.07,2.54,18.41
2022-01-12,43884.25,3371.01,3.51,82.51,34.39,4726.35,2.48,17.62
2022-01-13,42617.64,3243.46,3.5,81.97,37.11,4659.03,2.43,20.31
2022-01-14,43158.68,3318.23,3.57,83.82,41.18,4662.85,2.44,19.19
2022-01-18,42411.61,3167.32,3.65,85.42,42.28,4577.11,2.46,22.79
2022-01-19,41723.49,3092.91,3.6,86.84,42.75,4532.76,2.4,23.85
2022-01-20,40696.22,3003.69,3.62,86.29,41.15,4482.73,2.33,25.59
2022-01-21,36513.29,2579.94,3.59,85.16,42.57,4397.94,2.34,28.85
2022-01-24,36643.49,2438.98,3.64,84.48,47.84,4410.13,2.38,29.9
2022-01-25,36976.64,2457.06,3.69,86.61,47.63,4356.45,2.41,31.16
2022-01-26,36838.9,2460.65,3.69,88.33,45.67,4349.93,2.38,31.96
2022-01-27,37139.68,2423.04,3.67,87.61,46.9,4326.51,2.4,30.49
2022-01-28,37677.8,2544.13,3.69,87.67,47.74,4431.85,2.44,27.66
2022-01-31,38430.3,2685.4,3.72,89.16,42.35,4515.55,2.44,24.83
2022-02-01,38745.11,2791.84,3.73,88.22,41.31,4546.54,2.43,21.96
2022-02-02,36905.98,2682.79,3.69,88.16,41.86,4589.38,2.41,22.09
2022-02-03,37238.31,2692.02,3.74,90.17,42.15,4477.44,2.38,24.35
2022-02-04,41545.39,2991.52,3.85,92.27,43.88,4500.53,2.41,23.22
2022-02-07,43897.96,3147.36,3.85,91.25,43.34,4483.87,2.4,22.86
